#node1	node2	node1_string_id	node2_string_id	neighborhood_on_chromosome	gene_fusion	phylogenetic_cooccurrence	homology	coexpression	experimentally_determined_interaction	database_annotated	automated_textmining	combined_score
ABCA13	HLA-DQA1	9606.ENSP00000411096	9606.ENSP00000339398	0	0	0	0	0	0	0	0.457	0.457
ABCG2	IGF1R	9606.ENSP00000237612	9606.ENSP00000268035	0	0	0	0	0.062	0.057	0	0.392	0.415
ABCG2	CYP1B1	9606.ENSP00000237612	9606.ENSP00000478561	0	0	0	0	0	0.056	0	0.414	0.423
ABCG2	FECH	9606.ENSP00000237612	9606.ENSP00000372326	0.042	0	0	0	0.064	0	0	0.446	0.460
ABCG2	VEGFA	9606.ENSP00000237612	9606.ENSP00000478570	0	0	0	0	0	0	0	0.509	0.509
ABCG2	EGF	9606.ENSP00000237612	9606.ENSP00000265171	0	0	0	0	0	0	0	0.568	0.568
ABHD3	NCEH1	9606.ENSP00000289119	9606.ENSP00000442464	0	0	0	0	0.062	0	0	0.431	0.443
ADAM9	EGF	9606.ENSP00000419446	9606.ENSP00000265171	0	0	0	0	0.050	0	0	0.459	0.465
ADAM9	ITGB5	9606.ENSP00000419446	9606.ENSP00000296181	0	0	0	0	0.092	0.270	0	0.410	0.574
ADORA3	CLEC4D	9606.ENSP00000358730	9606.ENSP00000299665	0	0	0	0	0.071	0	0	0.475	0.491
ADORA3	CD163	9606.ENSP00000358730	9606.ENSP00000352071	0	0	0	0	0.312	0	0	0.208	0.431
ADORA3	VEGFA	9606.ENSP00000358730	9606.ENSP00000478570	0	0	0	0	0	0	0	0.422	0.422
ADORA3	LTBP1	9606.ENSP00000358730	9606.ENSP00000386043	0	0	0	0	0	0	0	0.536	0.536
AHSP	SLC4A1	9606.ENSP00000307199	9606.ENSP00000262418	0	0	0	0	0.769	0	0	0.506	0.881
AHSP	HEMGN	9606.ENSP00000307199	9606.ENSP00000480020	0	0	0	0	0.207	0	0	0.285	0.409
AHSP	FECH	9606.ENSP00000307199	9606.ENSP00000372326	0	0	0	0	0.182	0	0	0.401	0.489
AHSP	BPGM	9606.ENSP00000307199	9606.ENSP00000376840	0	0	0	0	0.113	0	0	0.477	0.516
AHSP	SNCA	9606.ENSP00000307199	9606.ENSP00000338345	0	0	0	0	0.645	0	0	0.224	0.712
AHSP	ALAS2	9606.ENSP00000307199	9606.ENSP00000332369	0	0	0	0	0.785	0	0	0.625	0.916
ALAS2	SLC4A1	9606.ENSP00000332369	9606.ENSP00000262418	0	0	0	0	0.781	0	0	0.649	0.920
ALAS2	ANK1	9606.ENSP00000332369	9606.ENSP00000265709	0	0	0	0	0.105	0.056	0	0.414	0.462
ALAS2	AHSP	9606.ENSP00000332369	9606.ENSP00000307199	0	0	0	0	0.785	0	0	0.625	0.916
ALAS2	BPGM	9606.ENSP00000332369	9606.ENSP00000376840	0.045	0	0	0	0.153	0	0	0.438	0.506
ALAS2	HEMGN	9606.ENSP00000332369	9606.ENSP00000480020	0	0	0	0	0.347	0	0	0.340	0.551
ALAS2	SNCA	9606.ENSP00000332369	9606.ENSP00000338345	0	0	0	0	0.553	0	0	0.285	0.667
ALAS2	FECH	9606.ENSP00000332369	9606.ENSP00000372326	0.111	0	0	0	0.166	0	0	0.942	0.953
ALOX15B	OLR1	9606.ENSP00000369530	9606.ENSP00000309124	0	0	0	0	0	0	0	0.474	0.474
ANK1	TMOD1	9606.ENSP00000265709	9606.ENSP00000259365	0	0	0	0	0.087	0	0	0.459	0.485
ANK1	SLC4A1	9606.ENSP00000265709	9606.ENSP00000262418	0	0	0	0	0.101	0.678	0	0.766	0.926
ANK1	RHD	9606.ENSP00000265709	9606.ENSP00000339577	0	0	0	0	0.062	0	0	0.445	0.457
ANK1	ALAS2	9606.ENSP00000265709	9606.ENSP00000332369	0	0	0	0	0.105	0.056	0	0.414	0.462
ANKRD22	BATF2	9606.ENSP00000360998	9606.ENSP00000301887	0	0	0	0	0.076	0.056	0	0.501	0.527
AQP1	SLC4A1	9606.ENSP00000311165	9606.ENSP00000262418	0	0	0	0	0.062	0.305	0	0.383	0.562
AQP1	MMP9	9606.ENSP00000311165	9606.ENSP00000361405	0	0	0	0	0.062	0	0	0.388	0.402
AQP1	VEGFA	9606.ENSP00000311165	9606.ENSP00000478570	0	0	0	0	0.062	0	0	0.408	0.420
AQP1	SLC12A1	9606.ENSP00000311165	9606.ENSP00000379822	0	0	0	0	0.062	0	0	0.700	0.707
ARG1	RETN	9606.ENSP00000349446	9606.ENSP00000221515	0	0	0	0	0.098	0	0	0.563	0.589
ARG1	MPO	9606.ENSP00000349446	9606.ENSP00000225275	0	0	0	0	0.102	0	0	0.471	0.505
ARG1	MMP8	9606.ENSP00000349446	9606.ENSP00000236826	0	0	0	0	0.142	0	0	0.333	0.403
ARG1	CEACAM8	9606.ENSP00000349446	9606.ENSP00000244336	0	0	0	0	0.152	0	0	0.519	0.574
ARG1	CXCL5	9606.ENSP00000349446	9606.ENSP00000296027	0	0	0	0	0	0	0	0.415	0.415
ARG1	GLUL	9606.ENSP00000349446	9606.ENSP00000307900	0.044	0	0	0	0.090	0	0	0.640	0.659
ARG1	HP	9606.ENSP00000349446	9606.ENSP00000348170	0	0	0	0	0.160	0	0	0.362	0.441
ARG1	ELANE	9606.ENSP00000349446	9606.ENSP00000466090	0	0	0	0	0.108	0	0	0.391	0.433
ARG1	IRF5	9606.ENSP00000349446	9606.ENSP00000349770	0	0	0	0	0	0	0	0.455	0.455
ARG1	MMP9	9606.ENSP00000349446	9606.ENSP00000361405	0	0	0	0	0	0	0	0.569	0.569
ARG1	VEGFA	9606.ENSP00000349446	9606.ENSP00000478570	0	0	0	0	0	0	0	0.663	0.663
ARG1	CD163	9606.ENSP00000349446	9606.ENSP00000352071	0	0	0	0	0.062	0	0	0.720	0.726
ASGR2	ORM1	9606.ENSP00000347140	9606.ENSP00000259396	0	0	0	0	0.508	0	0	0	0.508
BATF2	ANKRD22	9606.ENSP00000301887	9606.ENSP00000360998	0	0	0	0	0.076	0.056	0	0.501	0.527
BPGM	AHSP	9606.ENSP00000376840	9606.ENSP00000307199	0	0	0	0	0.113	0	0	0.477	0.516
BPGM	ALAS2	9606.ENSP00000376840	9606.ENSP00000332369	0.045	0	0	0	0.153	0	0	0.438	0.506
BPGM	CALD1	9606.ENSP00000376840	9606.ENSP00000354826	0	0	0	0	0.046	0	0	0.539	0.541
BPGM	FECH	9606.ENSP00000376840	9606.ENSP00000372326	0	0	0	0	0.227	0	0	0.352	0.478
BPGM	HEMGN	9606.ENSP00000376840	9606.ENSP00000480020	0	0	0	0	0	0	0	0.451	0.451
BPGM	G6PD	9606.ENSP00000376840	9606.ENSP00000377192	0	0	0	0	0.083	0.065	0.800	0.227	0.849
CALD1	PVALB	9606.ENSP00000354826	9606.ENSP00000216200	0	0	0	0	0	0	0	0.418	0.418
CALD1	VCAN	9606.ENSP00000354826	9606.ENSP00000265077	0	0	0	0	0.088	0	0	0.460	0.486
CALD1	SLC1A3	9606.ENSP00000354826	9606.ENSP00000265113	0	0	0	0	0.066	0	0	0.424	0.439
CALD1	MYL9	9606.ENSP00000354826	9606.ENSP00000279022	0	0	0	0	0.322	0	0.600	0.565	0.871
CALD1	ITGB5	9606.ENSP00000354826	9606.ENSP00000296181	0	0	0	0	0.135	0	0.600	0.087	0.656
CALD1	BPGM	9606.ENSP00000354826	9606.ENSP00000376840	0	0	0	0	0.046	0	0	0.539	0.541
CAMP	PGLYRP1	9606.ENSP00000296435	9606.ENSP00000008938	0	0	0	0	0.560	0	0	0.338	0.696
CAMP	MPO	9606.ENSP00000296435	9606.ENSP00000225275	0	0	0	0	0.252	0	0	0.603	0.690
CAMP	LTF	9606.ENSP00000296435	9606.ENSP00000231751	0	0	0	0	0.230	0	0	0.322	0.455
CAMP	MMP8	9606.ENSP00000296435	9606.ENSP00000236826	0	0	0	0	0.228	0	0	0.283	0.423
CAMP	PI3	9606.ENSP00000296435	9606.ENSP00000243924	0	0	0	0	0.073	0	0	0.505	0.521
CAMP	CEACAM8	9606.ENSP00000296435	9606.ENSP00000244336	0	0	0	0	0.560	0	0	0.268	0.664
CAMP	IGF1R	9606.ENSP00000296435	9606.ENSP00000268035	0	0	0	0	0	0.297	0	0.849	0.889
CAMP	LTB4R	9606.ENSP00000296435	9606.ENSP00000380008	0	0	0	0	0.062	0	0	0.409	0.422
CAMP	MMP9	9606.ENSP00000296435	9606.ENSP00000361405	0	0	0	0	0.140	0	0	0.391	0.453
CAMP	S100A12	9606.ENSP00000296435	9606.ENSP00000357726	0	0	0	0	0.416	0	0	0.336	0.595
CAMP	LCN2	9606.ENSP00000296435	9606.ENSP00000362108	0	0	0	0	0.206	0	0	0.559	0.635
CAMP	SLPI	9606.ENSP00000296435	9606.ENSP00000342082	0	0	0	0	0.089	0	0	0.652	0.669
CAMP	ELANE	9606.ENSP00000296435	9606.ENSP00000466090	0	0	0	0	0.320	0.213	0	0.653	0.798
CAMP	DEFA4	9606.ENSP00000296435	9606.ENSP00000297435	0	0	0	0	0.749	0	0	0.321	0.822
CAPNS2	LPCAT2	9606.ENSP00000400882	9606.ENSP00000262134	0	0	0	0	0.088	0	0	0.608	0.627
CBSL	GLUL	9606.ENSP00000381231	9606.ENSP00000307900	0.068	0	0	0	0.066	0	0	0.620	0.640
CD163	MPO	9606.ENSP00000352071	9606.ENSP00000225275	0	0	0	0	0.070	0	0	0.518	0.532
CD163	CEACAM8	9606.ENSP00000352071	9606.ENSP00000244336	0	0	0	0	0	0	0	0.529	0.529
CD163	CLEC12B	9606.ENSP00000352071	9606.ENSP00000344563	0	0	0	0	0.115	0	0	0.381	0.429
CD163	HP	9606.ENSP00000352071	9606.ENSP00000348170	0	0	0	0	0.062	0.213	0.600	0.995	0.998
CD163	ARG1	9606.ENSP00000352071	9606.ENSP00000349446	0	0	0	0	0.062	0	0	0.720	0.726
CD163	IRF5	9606.ENSP00000352071	9606.ENSP00000349770	0	0	0	0	0.090	0	0	0.413	0.443
CD163	ADORA3	9606.ENSP00000352071	9606.ENSP00000358730	0	0	0	0	0.312	0	0	0.208	0.431
CD163	CR1	9606.ENSP00000352071	9606.ENSP00000356016	0	0	0	0	0.151	0	0	0.418	0.485
CD163	VEGFA	9606.ENSP00000352071	9606.ENSP00000478570	0	0	0	0	0	0	0	0.564	0.564
CD163	MMP9	9606.ENSP00000352071	9606.ENSP00000361405	0	0	0	0	0.152	0	0	0.521	0.576
CD163	SLC12A1	9606.ENSP00000352071	9606.ENSP00000379822	0	0	0	0	0	0	0	0.642	0.642
CD177	OLFM4	9606.ENSP00000479536	9606.ENSP00000219022	0	0	0	0	0.088	0	0	0.524	0.547
CD177	MPO	9606.ENSP00000479536	9606.ENSP00000225275	0	0	0	0	0.057	0.270	0	0.401	0.551
CD177	LTF	9606.ENSP00000479536	9606.ENSP00000231751	0	0	0	0	0.097	0.270	0	0.338	0.525
CD177	MMP8	9606.ENSP00000479536	9606.ENSP00000236826	0	0	0	0	0.107	0	0	0.394	0.436
CD177	CEACAM8	9606.ENSP00000479536	9606.ENSP00000244336	0	0	0	0	0	0	0	0.413	0.412
CEACAM6	OLFM4	9606.ENSP00000199764	9606.ENSP00000219022	0	0	0	0	0.160	0	0	0.315	0.400
CEACAM6	DEFA4	9606.ENSP00000199764	9606.ENSP00000297435	0	0	0	0	0.314	0	0	0.505	0.645
CEACAM6	LCN2	9606.ENSP00000199764	9606.ENSP00000362108	0	0	0	0	0.525	0	0	0.294	0.650
CEACAM6	CEACAM8	9606.ENSP00000199764	9606.ENSP00000244336	0	0	0	0.977	0.323	0.849	0.300	0.914	0.924
CEACAM8	CEACAM6	9606.ENSP00000244336	9606.ENSP00000199764	0	0	0	0.977	0.323	0.849	0.300	0.914	0.924
CEACAM8	OLFM4	9606.ENSP00000244336	9606.ENSP00000219022	0	0	0	0	0.185	0	0	0.320	0.422
CEACAM8	MPO	9606.ENSP00000244336	9606.ENSP00000225275	0	0	0	0	0.316	0	0	0.601	0.715
CEACAM8	LTF	9606.ENSP00000244336	9606.ENSP00000231751	0	0	0	0	0.325	0	0	0.233	0.460
CEACAM8	MMP8	9606.ENSP00000244336	9606.ENSP00000236826	0	0	0	0	0.210	0	0	0.294	0.418
CEACAM8	CD177	9606.ENSP00000244336	9606.ENSP00000479536	0	0	0	0	0	0	0	0.413	0.412
CEACAM8	RNASE3	9606.ENSP00000244336	9606.ENSP00000302324	0	0	0	0	0.313	0	0	0.213	0.436
CEACAM8	ITGA2B	9606.ENSP00000244336	9606.ENSP00000262407	0	0	0	0	0	0	0	0.513	0.513
CEACAM8	CD163	9606.ENSP00000244336	9606.ENSP00000352071	0	0	0	0	0	0	0	0.529	0.529
CEACAM8	ARG1	9606.ENSP00000244336	9606.ENSP00000349446	0	0	0	0	0.152	0	0	0.519	0.574
CEACAM8	CR1	9606.ENSP00000244336	9606.ENSP00000356016	0	0	0	0	0.070	0	0	0.610	0.621
CEACAM8	CAMP	9606.ENSP00000244336	9606.ENSP00000296435	0	0	0	0	0.560	0	0	0.268	0.664
CEACAM8	ELANE	9606.ENSP00000244336	9606.ENSP00000466090	0	0	0	0	0.654	0	0	0.558	0.840
CEACAM8	DEFA4	9606.ENSP00000244336	9606.ENSP00000297435	0	0	0	0	0.771	0	0	0.501	0.880
CHST13	VCAN	9606.ENSP00000317404	9606.ENSP00000265077	0	0	0	0	0.060	0	0.900	0.089	0.906
CLEC12A	CLEC1B	9606.ENSP00000347916	9606.ENSP00000298527	0	0	0	0.731	0.522	0	0	0.773	0.620
CLEC12A	CLEC4D	9606.ENSP00000347916	9606.ENSP00000299665	0	0	0	0	0.359	0	0	0.506	0.670
CLEC12A	CLEC12B	9606.ENSP00000347916	9606.ENSP00000344563	0	0	0	0.809	0.489	0	0	0.681	0.554
CLEC12A	S100A12	9606.ENSP00000347916	9606.ENSP00000357726	0	0	0	0	0.431	0	0	0.146	0.493
CLEC12A	CLEC5A	9606.ENSP00000347916	9606.ENSP00000449999	0	0	0	0	0.345	0	0	0.391	0.584
CLEC12B	CLEC1B	9606.ENSP00000344563	9606.ENSP00000298527	0	0	0	0.774	0.361	0	0	0.670	0.455
CLEC12B	CLEC4D	9606.ENSP00000344563	9606.ENSP00000299665	0	0	0	0	0.316	0	0	0.656	0.755
CLEC12B	CD163	9606.ENSP00000344563	9606.ENSP00000352071	0	0	0	0	0.115	0	0	0.381	0.429
CLEC12B	CLEC12A	9606.ENSP00000344563	9606.ENSP00000347916	0	0	0	0.809	0.489	0	0	0.681	0.554
CLEC1B	ITGA2B	9606.ENSP00000298527	9606.ENSP00000262407	0	0	0	0	0.140	0	0	0.468	0.523
CLEC1B	SELP	9606.ENSP00000298527	9606.ENSP00000263686	0	0	0	0	0.152	0	0	0.523	0.578
CLEC1B	CLEC12B	9606.ENSP00000298527	9606.ENSP00000344563	0	0	0	0.774	0.361	0	0	0.670	0.455
CLEC1B	CLEC5A	9606.ENSP00000298527	9606.ENSP00000449999	0	0	0	0	0.213	0	0	0.455	0.552
CLEC1B	CLEC12A	9606.ENSP00000298527	9606.ENSP00000347916	0	0	0	0.731	0.522	0	0	0.773	0.620
CLEC1B	GP6	9606.ENSP00000298527	9606.ENSP00000308782	0	0	0	0	0.061	0	0	0.804	0.808
CLEC4D	TNFAIP6	9606.ENSP00000299665	9606.ENSP00000243347	0	0	0	0	0.142	0	0	0.365	0.432
CLEC4D	PRRG4	9606.ENSP00000299665	9606.ENSP00000257836	0	0	0	0	0	0	0	0.597	0.597
CLEC4D	CLEC5A	9606.ENSP00000299665	9606.ENSP00000449999	0	0	0	0.690	0.347	0	0	0.529	0.450
CLEC4D	ADORA3	9606.ENSP00000299665	9606.ENSP00000358730	0	0	0	0	0.071	0	0	0.475	0.491
CLEC4D	VNN1	9606.ENSP00000299665	9606.ENSP00000356905	0	0	0	0	0.109	0	0	0.466	0.504
CLEC4D	S100A12	9606.ENSP00000299665	9606.ENSP00000357726	0	0	0	0	0.492	0	0	0.210	0.582
CLEC4D	CLEC12A	9606.ENSP00000299665	9606.ENSP00000347916	0	0	0	0	0.359	0	0	0.506	0.670
CLEC4D	CLEC12B	9606.ENSP00000299665	9606.ENSP00000344563	0	0	0	0	0.316	0	0	0.656	0.755
CLEC5A	CLEC1B	9606.ENSP00000449999	9606.ENSP00000298527	0	0	0	0	0.213	0	0	0.455	0.552
CLEC5A	CLEC4D	9606.ENSP00000449999	9606.ENSP00000299665	0	0	0	0.690	0.347	0	0	0.529	0.450
CLEC5A	CLEC12A	9606.ENSP00000449999	9606.ENSP00000347916	0	0	0	0	0.345	0	0	0.391	0.584
CLEC5A	S100A12	9606.ENSP00000449999	9606.ENSP00000357726	0	0	0	0	0.361	0	0	0.103	0.402
CLEC5A	OSCAR	9606.ENSP00000449999	9606.ENSP00000479089	0	0	0	0	0.214	0	0	0.317	0.440
CLEC5A	GPR84	9606.ENSP00000449999	9606.ENSP00000450310	0	0	0	0	0.450	0	0	0.262	0.577
CLU	LTF	9606.ENSP00000315130	9606.ENSP00000231751	0	0	0	0	0.062	0.270	0.600	0.948	0.984
CLU	ORM1	9606.ENSP00000315130	9606.ENSP00000259396	0	0	0	0	0	0	0	0.472	0.472
CLU	EGF	9606.ENSP00000315130	9606.ENSP00000265171	0	0	0	0	0.064	0.056	0	0.518	0.536
CLU	SERPING1	9606.ENSP00000315130	9606.ENSP00000278407	0	0	0	0	0.099	0	0	0.502	0.533
CLU	LTBP1	9606.ENSP00000315130	9606.ENSP00000386043	0	0	0	0	0.065	0	0	0.430	0.444
CLU	VEGFA	9606.ENSP00000315130	9606.ENSP00000478570	0	0	0	0	0	0.270	0	0.409	0.550
CLU	CR1	9606.ENSP00000315130	9606.ENSP00000356016	0	0	0	0	0	0	0	0.556	0.556
CLU	LCN2	9606.ENSP00000315130	9606.ENSP00000362108	0	0	0	0	0.062	0	0	0.640	0.648
CLU	MMP9	9606.ENSP00000315130	9606.ENSP00000361405	0	0	0	0	0	0.270	0	0.545	0.654
CLU	SNCA	9606.ENSP00000315130	9606.ENSP00000338345	0	0	0	0	0.104	0.486	0	0.457	0.728
CLU	HP	9606.ENSP00000315130	9606.ENSP00000348170	0	0	0	0	0	0.150	0.720	0.631	0.904
CMPK2	DDX60L	9606.ENSP00000256722	9606.ENSP00000260184	0.178	0	0	0	0.252	0	0	0.140	0.425
CMPK2	IFI27	9606.ENSP00000256722	9606.ENSP00000483430	0	0	0	0	0.198	0	0	0.401	0.499
CMPK2	IFIT1	9606.ENSP00000256722	9606.ENSP00000360869	0.048	0	0	0	0.630	0	0	0.507	0.811
CMPK2	RSAD2	9606.ENSP00000256722	9606.ENSP00000371471	0	0	0	0	0.908	0	0	0.728	0.974
CR1	MPO	9606.ENSP00000356016	9606.ENSP00000225275	0	0	0	0	0.088	0.056	0	0.468	0.501
CR1	CEACAM8	9606.ENSP00000356016	9606.ENSP00000244336	0	0	0	0	0.070	0	0	0.610	0.621
CR1	SERPING1	9606.ENSP00000356016	9606.ENSP00000278407	0	0	0	0	0	0.057	0	0.435	0.444
CR1	CLU	9606.ENSP00000356016	9606.ENSP00000315130	0	0	0	0	0	0	0	0.556	0.556
CR1	FCAR	9606.ENSP00000356016	9606.ENSP00000347714	0	0	0	0	0.137	0	0	0.458	0.512
CR1	CD163	9606.ENSP00000356016	9606.ENSP00000352071	0	0	0	0	0.151	0	0	0.418	0.485
CRISP3	MMP8	9606.ENSP00000389026	9606.ENSP00000236826	0	0	0	0	0.179	0	0	0.318	0.416
CRISP3	DEFA4	9606.ENSP00000389026	9606.ENSP00000297435	0	0	0	0	0.190	0	0	0.334	0.437
CXCL5	MPO	9606.ENSP00000296027	9606.ENSP00000225275	0	0	0	0	0	0	0	0.459	0.459
CXCL5	MMP8	9606.ENSP00000296027	9606.ENSP00000236826	0	0	0	0	0.062	0	0	0.423	0.436
CXCL5	SELP	9606.ENSP00000296027	9606.ENSP00000263686	0	0	0	0	0.062	0	0	0.403	0.416
CXCL5	EGF	9606.ENSP00000296027	9606.ENSP00000265171	0	0	0	0	0	0	0	0.502	0.502
CXCL5	ARG1	9606.ENSP00000296027	9606.ENSP00000349446	0	0	0	0	0	0	0	0.415	0.415
CXCL5	ELANE	9606.ENSP00000296027	9606.ENSP00000466090	0	0	0	0	0	0	0	0.430	0.430
CXCL5	LCN2	9606.ENSP00000296027	9606.ENSP00000362108	0	0	0	0	0.090	0	0	0.495	0.521
CXCL5	VEGFA	9606.ENSP00000296027	9606.ENSP00000478570	0	0	0	0	0	0	0	0.647	0.647
CXCL5	MMP9	9606.ENSP00000296027	9606.ENSP00000361405	0	0	0	0	0.134	0.463	0	0.637	0.816
CYBRD1	FECH	9606.ENSP00000319141	9606.ENSP00000372326	0	0	0	0	0	0	0	0.451	0.451
CYP1B1	ABCG2	9606.ENSP00000478561	9606.ENSP00000237612	0	0	0	0	0	0.056	0	0.414	0.423
CYP1B1	MGST1	9606.ENSP00000478561	9606.ENSP00000379512	0	0	0	0	0.062	0	0.650	0.253	0.733
DDX60L	CMPK2	9606.ENSP00000260184	9606.ENSP00000256722	0.178	0	0	0	0.252	0	0	0.140	0.425
DEFA4	PGLYRP1	9606.ENSP00000297435	9606.ENSP00000008938	0	0	0	0	0.542	0	0	0.320	0.675
DEFA4	CEACAM6	9606.ENSP00000297435	9606.ENSP00000199764	0	0	0	0	0.314	0	0	0.505	0.645
DEFA4	OLFM4	9606.ENSP00000297435	9606.ENSP00000219022	0	0	0	0	0.155	0	0	0.472	0.535
DEFA4	MPO	9606.ENSP00000297435	9606.ENSP00000225275	0	0	0	0	0.732	0	0	0.459	0.848
DEFA4	LTF	9606.ENSP00000297435	9606.ENSP00000231751	0	0	0	0	0.284	0	0	0.509	0.633
DEFA4	MMP8	9606.ENSP00000297435	9606.ENSP00000236826	0	0	0	0	0.337	0	0	0.469	0.632
DEFA4	CEACAM8	9606.ENSP00000297435	9606.ENSP00000244336	0	0	0	0	0.771	0	0	0.501	0.880
DEFA4	CAMP	9606.ENSP00000297435	9606.ENSP00000296435	0	0	0	0	0.749	0	0	0.321	0.822
DEFA4	CRISP3	9606.ENSP00000297435	9606.ENSP00000389026	0	0	0	0	0.190	0	0	0.334	0.437
DEFA4	LCN2	9606.ENSP00000297435	9606.ENSP00000362108	0	0	0	0	0.213	0	0	0.334	0.453
DEFA4	S100A12	9606.ENSP00000297435	9606.ENSP00000357726	0	0	0	0	0.351	0	0	0.406	0.598
DEFA4	RNASE3	9606.ENSP00000297435	9606.ENSP00000302324	0	0	0	0	0.715	0	0	0.087	0.728
DEFA4	ELANE	9606.ENSP00000297435	9606.ENSP00000466090	0	0	0	0	0.784	0.076	0	0.508	0.893
DNAJC6	SNCA	9606.ENSP00000360108	9606.ENSP00000338345	0	0	0	0	0.119	0	0	0.520	0.559
DNAJC6	QKI	9606.ENSP00000360108	9606.ENSP00000355094	0	0	0	0	0.484	0	0	0	0.483
DOCK4	RHOBTB1	9606.ENSP00000404179	9606.ENSP00000338671	0	0	0	0	0	0.196	0	0.290	0.405
ECHDC3	LTB4R	9606.ENSP00000368517	9606.ENSP00000380008	0	0	0	0	0	0	0	0.634	0.634
EGF	TNS1	9606.ENSP00000265171	9606.ENSP00000171887	0	0	0	0	0.068	0.062	0	0.459	0.485
EGF	MPO	9606.ENSP00000265171	9606.ENSP00000225275	0	0	0	0	0.062	0.069	0	0.386	0.417
EGF	MMP8	9606.ENSP00000265171	9606.ENSP00000236826	0	0	0	0	0	0	0	0.488	0.488
EGF	ABCG2	9606.ENSP00000265171	9606.ENSP00000237612	0	0	0	0	0	0	0	0.568	0.568
EGF	TNFAIP6	9606.ENSP00000265171	9606.ENSP00000243347	0	0	0	0	0.062	0.151	0	0.401	0.481
EGF	PI3	9606.ENSP00000265171	9606.ENSP00000243924	0	0	0	0	0	0	0	0.451	0.451
EGF	THBS1	9606.ENSP00000265171	9606.ENSP00000260356	0	0	0	0	0	0	0	0.590	0.591
EGF	SELP	9606.ENSP00000265171	9606.ENSP00000263686	0	0	0	0	0	0	0	0.610	0.610
EGF	VCAN	9606.ENSP00000265171	9606.ENSP00000265077	0	0	0	0	0	0	0	0.605	0.606
EGF	SLC1A3	9606.ENSP00000265171	9606.ENSP00000265113	0	0	0	0	0.062	0	0	0.423	0.436
EGF	PEAR1	9606.ENSP00000265171	9606.ENSP00000344465	0	0	0	0	0.082	0.151	0	0.322	0.425
EGF	GRB10	9606.ENSP00000265171	9606.ENSP00000381793	0	0	0	0	0	0.057	0	0.427	0.436
EGF	MGST1	9606.ENSP00000265171	9606.ENSP00000379512	0	0	0	0	0	0.298	0	0.244	0.447
EGF	ADAM9	9606.ENSP00000265171	9606.ENSP00000419446	0	0	0	0	0.050	0	0	0.459	0.465
EGF	CXCL5	9606.ENSP00000265171	9606.ENSP00000296027	0	0	0	0	0	0	0	0.502	0.502
EGF	CLU	9606.ENSP00000265171	9606.ENSP00000315130	0	0	0	0	0.064	0.056	0	0.518	0.536
EGF	ITGB3	9606.ENSP00000265171	9606.ENSP00000452786	0	0	0	0	0	0.064	0	0.636	0.645
EGF	MMP9	9606.ENSP00000265171	9606.ENSP00000361405	0	0	0	0	0	0	0	0.728	0.728
EGF	IGF1R	9606.ENSP00000265171	9606.ENSP00000268035	0	0	0	0	0	0.056	0.600	0.681	0.869
EGF	PDGFC	9606.ENSP00000265171	9606.ENSP00000422464	0	0	0	0	0	0	0.800	0.391	0.872
EGF	VEGFA	9606.ENSP00000265171	9606.ENSP00000478570	0	0	0	0	0	0	0	0.878	0.878
EGF	NRG1	9606.ENSP00000265171	9606.ENSP00000384620	0	0	0	0	0	0.658	0.500	0.850	0.972
ELANE	RETN	9606.ENSP00000466090	9606.ENSP00000221515	0	0	0	0	0.336	0	0	0.218	0.459
ELANE	MPO	9606.ENSP00000466090	9606.ENSP00000225275	0	0	0	0	0.784	0.141	0	0.859	0.971
ELANE	LTF	9606.ENSP00000466090	9606.ENSP00000231751	0	0	0	0	0.155	0.169	0	0.597	0.692
ELANE	TFPI	9606.ENSP00000466090	9606.ENSP00000233156	0	0	0	0	0	0.296	0	0.413	0.569
ELANE	MMP8	9606.ENSP00000466090	9606.ENSP00000236826	0	0	0	0	0.176	0	0.900	0.681	0.971
ELANE	PI3	9606.ENSP00000466090	9606.ENSP00000243924	0	0	0	0	0	0	0	0.723	0.723
ELANE	CEACAM8	9606.ENSP00000466090	9606.ENSP00000244336	0	0	0	0	0.654	0	0	0.558	0.840
ELANE	THBS1	9606.ENSP00000466090	9606.ENSP00000260356	0	0	0	0	0	0.270	0	0.483	0.606
ELANE	SELP	9606.ENSP00000466090	9606.ENSP00000263686	0	0	0	0	0.070	0	0	0.505	0.519
ELANE	SERPING1	9606.ENSP00000466090	9606.ENSP00000278407	0	0	0	0	0.062	0.330	0	0.391	0.584
ELANE	CXCL5	9606.ENSP00000466090	9606.ENSP00000296027	0	0	0	0	0	0	0	0.430	0.430
ELANE	CAMP	9606.ENSP00000466090	9606.ENSP00000296435	0	0	0	0	0.320	0.213	0	0.653	0.798
ELANE	DEFA4	9606.ENSP00000466090	9606.ENSP00000297435	0	0	0	0	0.784	0.076	0	0.508	0.893
ELANE	RNASE3	9606.ENSP00000466090	9606.ENSP00000302324	0	0	0	0	0.557	0	0	0.595	0.812
ELANE	TPST1	9606.ENSP00000466090	9606.ENSP00000302413	0	0	0	0	0	0	0	0.536	0.536
ELANE	SLPI	9606.ENSP00000466090	9606.ENSP00000342082	0	0	0	0	0.062	0.932	0	0.925	0.994
ELANE	HP	9606.ENSP00000466090	9606.ENSP00000348170	0	0	0.338	0	0.062	0	0	0.293	0.522
ELANE	ARG1	9606.ENSP00000466090	9606.ENSP00000349446	0	0	0	0	0.108	0	0	0.391	0.433
ELANE	S100A12	9606.ENSP00000466090	9606.ENSP00000357726	0	0	0	0	0.194	0	0	0.372	0.472
ELANE	MMP9	9606.ENSP00000466090	9606.ENSP00000361405	0	0	0	0	0.095	0	0	0.693	0.710
ELANE	LCN2	9606.ENSP00000466090	9606.ENSP00000362108	0	0	0	0	0.120	0	0	0.507	0.547
ELANE	VEGFA	9606.ENSP00000466090	9606.ENSP00000478570	0	0	0	0	0	0	0	0.459	0.459
F5	TFPI	9606.ENSP00000356771	9606.ENSP00000233156	0	0	0	0	0	0	0	0.527	0.527
F5	SELP	9606.ENSP00000356771	9606.ENSP00000263686	0	0	0	0	0.116	0	0	0.415	0.460
F5	PROS1	9606.ENSP00000356771	9606.ENSP00000377783	0	0	0	0	0.063	0.486	0.900	0.501	0.972
FAM198B	MCTP1	9606.ENSP00000377396	9606.ENSP00000424126	0	0	0	0	0	0	0	0.527	0.527
FAM46C	MAOA	9606.ENSP00000358458	9606.ENSP00000340684	0	0	0	0	0	0	0	0.543	0.543
FCAR	CR1	9606.ENSP00000347714	9606.ENSP00000356016	0	0	0	0	0.137	0	0	0.458	0.512
FECH	ABCG2	9606.ENSP00000372326	9606.ENSP00000237612	0.042	0	0	0	0.064	0	0	0.446	0.460
FECH	SLC4A1	9606.ENSP00000372326	9606.ENSP00000262418	0	0	0	0	0.230	0	0	0.443	0.553
FECH	AHSP	9606.ENSP00000372326	9606.ENSP00000307199	0	0	0	0	0.182	0	0	0.401	0.489
FECH	CYBRD1	9606.ENSP00000372326	9606.ENSP00000319141	0	0	0	0	0	0	0	0.451	0.451
FECH	ALAS2	9606.ENSP00000372326	9606.ENSP00000332369	0.111	0	0	0	0.166	0	0	0.942	0.953
FECH	MAFG	9606.ENSP00000372326	9606.ENSP00000350369	0	0	0	0	0	0	0	0.539	0.539
FECH	SDHD	9606.ENSP00000372326	9606.ENSP00000364699	0	0	0	0	0.042	0	0	0.474	0.475
FECH	BPGM	9606.ENSP00000372326	9606.ENSP00000376840	0	0	0	0	0.227	0	0	0.352	0.478
FGD4	SBF2	9606.ENSP00000394487	9606.ENSP00000256190	0	0	0	0	0.089	0	0	0.801	0.811
FKBP5	GMPR	9606.ENSP00000444810	9606.ENSP00000259727	0.045	0	0	0	0.147	0.609	0	0.072	0.664
FKBP5	MAOA	9606.ENSP00000444810	9606.ENSP00000340684	0	0	0	0	0.061	0	0	0.524	0.534
FKBP5	IFIT1	9606.ENSP00000444810	9606.ENSP00000360869	0	0	0	0	0.051	0.102	0	0.437	0.478
FKBP5	SERPINB2	9606.ENSP00000444810	9606.ENSP00000401645	0	0	0	0	0	0	0	0.720	0.720
FOLR3	S100A12	9606.ENSP00000481114	9606.ENSP00000357726	0	0	0	0	0.340	0	0	0.154	0.418
FOLR3	OSCAR	9606.ENSP00000481114	9606.ENSP00000479089	0	0	0	0	0.155	0	0	0.432	0.499
G6PD	HK2	9606.ENSP00000377192	9606.ENSP00000290573	0	0	0	0	0.092	0	0.800	0.823	0.965
G6PD	GLUL	9606.ENSP00000377192	9606.ENSP00000307900	0.079	0	0	0	0.065	0	0	0.400	0.438
G6PD	HP	9606.ENSP00000377192	9606.ENSP00000348170	0	0	0	0	0	0	0	0.460	0.459
G6PD	TGM2	9606.ENSP00000377192	9606.ENSP00000355330	0	0	0	0	0	0.484	0	0.138	0.536
G6PD	BPGM	9606.ENSP00000377192	9606.ENSP00000376840	0	0	0	0	0.083	0.065	0.800	0.227	0.849
G6PD	PGM5	9606.ENSP00000377192	9606.ENSP00000379678	0.167	0	0	0	0.064	0.344	0	0.424	0.665
GLUL	SLC1A3	9606.ENSP00000307900	9606.ENSP00000265113	0	0	0	0	0.106	0	0	0.831	0.843
GLUL	G6PD	9606.ENSP00000307900	9606.ENSP00000377192	0.079	0	0	0	0.065	0	0	0.400	0.438
GLUL	CBSL	9606.ENSP00000307900	9606.ENSP00000381231	0.068	0	0	0	0.066	0	0	0.620	0.640
GLUL	ARG1	9606.ENSP00000307900	9606.ENSP00000349446	0.044	0	0	0	0.090	0	0	0.640	0.659
GMPR	SLC4A1	9606.ENSP00000259727	9606.ENSP00000262418	0	0	0	0	0.321	0	0	0.256	0.473
GMPR	FKBP5	9606.ENSP00000259727	9606.ENSP00000444810	0.045	0	0	0	0.147	0.609	0	0.072	0.664
GP6	ITGA2B	9606.ENSP00000308782	9606.ENSP00000262407	0	0	0	0	0	0	0	0.753	0.753
GP6	SELP	9606.ENSP00000308782	9606.ENSP00000263686	0	0	0	0	0	0	0	0.759	0.759
GP6	CLEC1B	9606.ENSP00000308782	9606.ENSP00000298527	0	0	0	0	0.061	0	0	0.804	0.808
GP6	PEAR1	9606.ENSP00000308782	9606.ENSP00000344465	0	0	0	0	0	0	0	0.556	0.556
GP6	ITGB3	9606.ENSP00000308782	9606.ENSP00000452786	0	0	0	0	0	0	0	0.595	0.595
GPR84	S100A12	9606.ENSP00000450310	9606.ENSP00000357726	0	0	0	0	0.336	0	0	0.216	0.457
GPR84	CLEC5A	9606.ENSP00000450310	9606.ENSP00000449999	0	0	0	0	0.450	0	0	0.262	0.577
GRB10	EGF	9606.ENSP00000381793	9606.ENSP00000265171	0	0	0	0	0	0.057	0	0.427	0.436
GRB10	IGF1R	9606.ENSP00000381793	9606.ENSP00000268035	0	0	0	0	0.062	0.886	0.900	0.788	0.997
GRB10	NEDD4L	9606.ENSP00000381793	9606.ENSP00000383199	0	0	0	0	0.062	0.648	0	0.463	0.807
HEMGN	AHSP	9606.ENSP00000480020	9606.ENSP00000307199	0	0	0	0	0.207	0	0	0.285	0.409
HEMGN	ALAS2	9606.ENSP00000480020	9606.ENSP00000332369	0	0	0	0	0.347	0	0	0.340	0.551
HEMGN	BPGM	9606.ENSP00000480020	9606.ENSP00000376840	0	0	0	0	0	0	0	0.451	0.451
HK2	VEGFA	9606.ENSP00000290573	9606.ENSP00000478570	0	0	0	0	0.076	0	0	0.417	0.438
HK2	SDHD	9606.ENSP00000290573	9606.ENSP00000364699	0	0	0	0	0.062	0	0	0.586	0.595
HK2	PFKFB2	9606.ENSP00000290573	9606.ENSP00000356047	0	0	0	0	0.065	0	0.650	0.527	0.831
HK2	G6PD	9606.ENSP00000290573	9606.ENSP00000377192	0	0	0	0	0.092	0	0.800	0.823	0.965
HLA-DQA1	ABCA13	9606.ENSP00000339398	9606.ENSP00000411096	0	0	0	0	0	0	0	0.457	0.457
HP	RETN	9606.ENSP00000348170	9606.ENSP00000221515	0	0	0	0	0.089	0	0	0.401	0.430
HP	MPO	9606.ENSP00000348170	9606.ENSP00000225275	0	0	0	0	0	0.056	0	0.501	0.509
HP	LTF	9606.ENSP00000348170	9606.ENSP00000231751	0	0	0	0	0.170	0.169	0	0.447	0.586
HP	TFPI	9606.ENSP00000348170	9606.ENSP00000233156	0	0	0	0	0	0.143	0	0.329	0.401
HP	ORM1	9606.ENSP00000348170	9606.ENSP00000259396	0	0	0	0	0.284	0	0	0.760	0.821
HP	SERPING1	9606.ENSP00000348170	9606.ENSP00000278407	0	0	0	0	0.063	0.120	0	0.404	0.465
HP	CLU	9606.ENSP00000348170	9606.ENSP00000315130	0	0	0	0	0	0.150	0.720	0.631	0.904
HP	VEGFA	9606.ENSP00000348170	9606.ENSP00000478570	0	0	0	0	0.056	0	0	0.407	0.416
HP	ARG1	9606.ENSP00000348170	9606.ENSP00000349446	0	0	0	0	0.160	0	0	0.362	0.441
HP	TGM2	9606.ENSP00000348170	9606.ENSP00000355330	0	0	0	0	0.063	0.111	0	0.396	0.453
HP	G6PD	9606.ENSP00000348170	9606.ENSP00000377192	0	0	0	0	0	0	0	0.460	0.459
HP	S100A12	9606.ENSP00000348170	9606.ENSP00000357726	0	0	0	0	0.100	0	0	0.458	0.491
HP	ELANE	9606.ENSP00000348170	9606.ENSP00000466090	0	0	0.338	0	0.062	0	0	0.293	0.522
HP	LCN2	9606.ENSP00000348170	9606.ENSP00000362108	0	0	0	0	0.065	0	0	0.540	0.551
HP	MMP9	9606.ENSP00000348170	9606.ENSP00000361405	0	0	0	0	0.062	0	0	0.865	0.868
HP	CD163	9606.ENSP00000348170	9606.ENSP00000352071	0	0	0	0	0.062	0.213	0.600	0.995	0.998
IFI27	CMPK2	9606.ENSP00000483430	9606.ENSP00000256722	0	0	0	0	0.198	0	0	0.401	0.499
IFI27	PLSCR1	9606.ENSP00000483430	9606.ENSP00000345494	0	0	0	0	0	0	0	0.504	0.504
IFI27	IRF5	9606.ENSP00000483430	9606.ENSP00000349770	0	0	0	0	0	0	0.900	0.193	0.915
IFI27	IFIT1	9606.ENSP00000483430	9606.ENSP00000360869	0	0	0	0	0.229	0	0.900	0.715	0.976
IFI27	RSAD2	9606.ENSP00000483430	9606.ENSP00000371471	0	0	0	0	0.510	0	0.900	0.706	0.984
IFIT1	CMPK2	9606.ENSP00000360869	9606.ENSP00000256722	0.048	0	0	0	0.630	0	0	0.507	0.811
IFIT1	PLSCR1	9606.ENSP00000360869	9606.ENSP00000345494	0	0	0	0	0.548	0	0	0.505	0.766
IFIT1	IRF5	9606.ENSP00000360869	9606.ENSP00000349770	0	0	0	0	0	0	0.900	0.475	0.945
IFIT1	FKBP5	9606.ENSP00000360869	9606.ENSP00000444810	0	0	0	0	0.051	0.102	0	0.437	0.478
IFIT1	IFI27	9606.ENSP00000360869	9606.ENSP00000483430	0	0	0	0	0.229	0	0.900	0.715	0.976
IFIT1	RSAD2	9606.ENSP00000360869	9606.ENSP00000371471	0	0	0	0	0.885	0.154	0.900	0.833	0.998
IGF1R	TNS1	9606.ENSP00000268035	9606.ENSP00000171887	0	0	0	0	0.053	0.219	0	0.511	0.607
IGF1R	ABCG2	9606.ENSP00000268035	9606.ENSP00000237612	0	0	0	0	0.062	0.057	0	0.392	0.415
IGF1R	INHBA	9606.ENSP00000268035	9606.ENSP00000242208	0	0	0	0	0	0.150	0	0.458	0.520
IGF1R	EGF	9606.ENSP00000268035	9606.ENSP00000265171	0	0	0	0	0	0.056	0.600	0.681	0.869
IGF1R	MMP9	9606.ENSP00000268035	9606.ENSP00000361405	0	0	0	0	0	0	0	0.504	0.504
IGF1R	NEDD4L	9606.ENSP00000268035	9606.ENSP00000383199	0	0	0	0	0.049	0.078	0.600	0.168	0.669
IGF1R	S1PR3	9606.ENSP00000268035	9606.ENSP00000365006	0	0	0	0	0	0	0.650	0.101	0.672
IGF1R	PDGFC	9606.ENSP00000268035	9606.ENSP00000422464	0	0	0	0	0	0	0.600	0.235	0.680
IGF1R	VEGFA	9606.ENSP00000268035	9606.ENSP00000478570	0	0	0	0	0	0	0.600	0.681	0.866
IGF1R	CAMP	9606.ENSP00000268035	9606.ENSP00000296435	0	0	0	0	0	0.297	0	0.849	0.889
IGF1R	ITGB3	9606.ENSP00000268035	9606.ENSP00000452786	0	0	0	0	0.056	0.070	0.900	0.420	0.942
IGF1R	GRB10	9606.ENSP00000268035	9606.ENSP00000381793	0	0	0	0	0.062	0.886	0.900	0.788	0.997
INHBA	THBS1	9606.ENSP00000242208	9606.ENSP00000260356	0	0	0	0	0.181	0	0	0.323	0.422
INHBA	LCN2	9606.ENSP00000242208	9606.ENSP00000362108	0	0	0	0	0	0	0	0.471	0.471
INHBA	TNFAIP6	9606.ENSP00000242208	9606.ENSP00000243347	0	0	0	0	0.117	0.101	0	0.405	0.487
INHBA	IGF1R	9606.ENSP00000242208	9606.ENSP00000268035	0	0	0	0	0	0.150	0	0.458	0.520
IRAK3	IRF5	9606.ENSP00000261233	9606.ENSP00000349770	0	0	0	0	0.076	0.182	0	0.429	0.530
IRF5	IRAK3	9606.ENSP00000349770	9606.ENSP00000261233	0	0	0	0	0.076	0.182	0	0.429	0.530
IRF5	ARG1	9606.ENSP00000349770	9606.ENSP00000349446	0	0	0	0	0	0	0	0.455	0.455
IRF5	CD163	9606.ENSP00000349770	9606.ENSP00000352071	0	0	0	0	0.090	0	0	0.413	0.443
IRF5	IFI27	9606.ENSP00000349770	9606.ENSP00000483430	0	0	0	0	0	0	0.900	0.193	0.915
IRF5	RSAD2	9606.ENSP00000349770	9606.ENSP00000371471	0	0	0	0	0.077	0	0.900	0.403	0.940
IRF5	IFIT1	9606.ENSP00000349770	9606.ENSP00000360869	0	0	0	0	0	0	0.900	0.475	0.945
ITGA2B	MPO	9606.ENSP00000262407	9606.ENSP00000225275	0	0	0	0	0.090	0	0	0.560	0.582
ITGA2B	CEACAM8	9606.ENSP00000262407	9606.ENSP00000244336	0	0	0	0	0	0	0	0.513	0.513
ITGA2B	THBS1	9606.ENSP00000262407	9606.ENSP00000260356	0	0	0	0	0	0.067	0.900	0.347	0.933
ITGA2B	VEGFA	9606.ENSP00000262407	9606.ENSP00000478570	0	0	0	0	0	0	0	0.422	0.422
ITGA2B	SLC12A1	9606.ENSP00000262407	9606.ENSP00000379822	0	0	0	0	0	0	0	0.435	0.435
ITGA2B	SYTL4	9606.ENSP00000262407	9606.ENSP00000362080	0	0	0	0	0.049	0	0.500	0	0.504
ITGA2B	CLEC1B	9606.ENSP00000262407	9606.ENSP00000298527	0	0	0	0	0.140	0	0	0.468	0.523
ITGA2B	SLC4A1	9606.ENSP00000262407	9606.ENSP00000262418	0	0	0	0	0.097	0	0	0.539	0.566
ITGA2B	QKI	9606.ENSP00000262407	9606.ENSP00000355094	0	0	0	0	0.062	0.065	0.600	0.048	0.621
ITGA2B	GP6	9606.ENSP00000262407	9606.ENSP00000308782	0	0	0	0	0	0	0	0.753	0.753
ITGA2B	ITGB5	9606.ENSP00000262407	9606.ENSP00000296181	0	0	0	0	0.098	0.190	0.800	0.435	0.906
ITGA2B	SELP	9606.ENSP00000262407	9606.ENSP00000263686	0	0	0	0	0.098	0	0.500	0.873	0.937
ITGA2B	ITGB3	9606.ENSP00000262407	9606.ENSP00000452786	0	0	0	0	0.209	0.985	0.900	0.989	0.999
ITGB3	TNS1	9606.ENSP00000452786	9606.ENSP00000171887	0	0	0	0	0.093	0.109	0	0.702	0.739
ITGB3	MPO	9606.ENSP00000452786	9606.ENSP00000225275	0	0	0	0	0.062	0.136	0	0.501	0.560
ITGB3	THBS1	9606.ENSP00000452786	9606.ENSP00000260356	0	0	0	0	0.114	0.486	0.900	0.440	0.971
ITGB3	ITGA2B	9606.ENSP00000452786	9606.ENSP00000262407	0	0	0	0	0.209	0.985	0.900	0.989	0.999
ITGB3	SLC4A1	9606.ENSP00000452786	9606.ENSP00000262418	0	0	0	0	0.062	0	0	0.456	0.467
ITGB3	SELP	9606.ENSP00000452786	9606.ENSP00000263686	0	0	0	0	0.117	0	0.500	0.752	0.881
ITGB3	VCAN	9606.ENSP00000452786	9606.ENSP00000265077	0	0	0	0	0.062	0	0	0.455	0.467
ITGB3	EGF	9606.ENSP00000452786	9606.ENSP00000265171	0	0	0	0	0	0.064	0	0.636	0.645
ITGB3	IGF1R	9606.ENSP00000452786	9606.ENSP00000268035	0	0	0	0	0.056	0.070	0.900	0.420	0.942
ITGB3	ITGB5	9606.ENSP00000452786	9606.ENSP00000296181	0	0	0	0.954	0.088	0	0.900	0.669	0.907
ITGB3	GP6	9606.ENSP00000452786	9606.ENSP00000308782	0	0	0	0	0	0	0	0.595	0.595
ITGB3	QKI	9606.ENSP00000452786	9606.ENSP00000355094	0	0	0	0	0.062	0	0.600	0.054	0.614
ITGB3	TGM2	9606.ENSP00000452786	9606.ENSP00000355330	0	0	0	0	0.108	0.460	0	0.853	0.923
ITGB3	MMP9	9606.ENSP00000452786	9606.ENSP00000361405	0	0	0	0	0.065	0.069	0	0.477	0.505
ITGB3	SYTL4	9606.ENSP00000452786	9606.ENSP00000362080	0	0	0	0	0.049	0	0.500	0	0.504
ITGB3	VEGFA	9606.ENSP00000452786	9606.ENSP00000478570	0	0	0	0	0	0.141	0.900	0.470	0.950
ITGB5	THBS1	9606.ENSP00000296181	9606.ENSP00000260356	0	0	0	0	0.098	0	0.600	0.325	0.735
ITGB5	ITGA2B	9606.ENSP00000296181	9606.ENSP00000262407	0	0	0	0	0.098	0.190	0.800	0.435	0.906
ITGB5	MYL9	9606.ENSP00000296181	9606.ENSP00000279022	0	0	0	0	0.141	0	0.600	0.075	0.654
ITGB5	SERPINB2	9606.ENSP00000296181	9606.ENSP00000401645	0	0	0	0	0	0	0	0.431	0.431
ITGB5	LTBP1	9606.ENSP00000296181	9606.ENSP00000386043	0	0	0	0	0.132	0.242	0	0.219	0.441
ITGB5	TGM2	9606.ENSP00000296181	9606.ENSP00000355330	0	0	0	0	0.090	0.056	0	0.455	0.491
ITGB5	ADAM9	9606.ENSP00000296181	9606.ENSP00000419446	0	0	0	0	0.092	0.270	0	0.410	0.574
ITGB5	CALD1	9606.ENSP00000296181	9606.ENSP00000354826	0	0	0	0	0.135	0	0.600	0.087	0.656
ITGB5	ITGB3	9606.ENSP00000296181	9606.ENSP00000452786	0	0	0	0.954	0.088	0	0.900	0.669	0.907
KANK2	NPRL3	9606.ENSP00000468002	9606.ENSP00000483814	0	0	0	0	0	0	0	0.624	0.624
KCNE1	NEDD4L	9606.ENSP00000337255	9606.ENSP00000383199	0	0	0	0	0	0	0	0.406	0.406
LCN2	CEACAM6	9606.ENSP00000362108	9606.ENSP00000199764	0	0	0	0	0.525	0	0	0.294	0.650
LCN2	OLFM4	9606.ENSP00000362108	9606.ENSP00000219022	0	0	0	0	0.239	0	0	0.413	0.534
LCN2	RETN	9606.ENSP00000362108	9606.ENSP00000221515	0	0	0	0	0.060	0	0	0.558	0.566
LCN2	MPO	9606.ENSP00000362108	9606.ENSP00000225275	0	0	0	0	0.088	0	0	0.625	0.643
LCN2	LTF	9606.ENSP00000362108	9606.ENSP00000231751	0	0	0	0	0.187	0.154	0	0.556	0.667
LCN2	MMP8	9606.ENSP00000362108	9606.ENSP00000236826	0	0	0	0	0.097	0	0	0.570	0.595
LCN2	INHBA	9606.ENSP00000362108	9606.ENSP00000242208	0	0	0	0	0	0	0	0.471	0.471
LCN2	PI3	9606.ENSP00000362108	9606.ENSP00000243924	0	0	0	0	0.323	0	0	0.380	0.562
LCN2	TCN1	9606.ENSP00000362108	9606.ENSP00000257264	0	0	0	0	0.306	0	0	0.248	0.455
LCN2	ORM1	9606.ENSP00000362108	9606.ENSP00000259396	0	0	0	0	0.107	0	0	0.423	0.463
LCN2	THBS1	9606.ENSP00000362108	9606.ENSP00000260356	0	0	0	0	0.062	0	0	0.394	0.408
LCN2	CXCL5	9606.ENSP00000362108	9606.ENSP00000296027	0	0	0	0	0.090	0	0	0.495	0.521
LCN2	CAMP	9606.ENSP00000362108	9606.ENSP00000296435	0	0	0	0	0.206	0	0	0.559	0.635
LCN2	DEFA4	9606.ENSP00000362108	9606.ENSP00000297435	0	0	0	0	0.213	0	0	0.334	0.453
LCN2	CLU	9606.ENSP00000362108	9606.ENSP00000315130	0	0	0	0	0.062	0	0	0.640	0.648
LCN2	SLPI	9606.ENSP00000362108	9606.ENSP00000342082	0	0	0	0	0.343	0	0	0.644	0.756
LCN2	HP	9606.ENSP00000362108	9606.ENSP00000348170	0	0	0	0	0.065	0	0	0.540	0.551
LCN2	VNN1	9606.ENSP00000362108	9606.ENSP00000356905	0	0	0	0	0.123	0	0	0.424	0.474
LCN2	S100A12	9606.ENSP00000362108	9606.ENSP00000357726	0	0	0	0	0.155	0	0	0.459	0.523
LCN2	MMP9	9606.ENSP00000362108	9606.ENSP00000361405	0	0	0	0	0.096	0.670	0.900	0.989	0.999
LCN2	ELANE	9606.ENSP00000362108	9606.ENSP00000466090	0	0	0	0	0.120	0	0	0.507	0.547
LCN2	VEGFA	9606.ENSP00000362108	9606.ENSP00000478570	0	0	0	0	0	0.101	0.900	0.469	0.948
LPCAT2	CAPNS2	9606.ENSP00000262134	9606.ENSP00000400882	0	0	0	0	0.088	0	0	0.608	0.627
LTB4R	MPO	9606.ENSP00000380008	9606.ENSP00000225275	0	0	0	0	0.062	0.056	0	0.383	0.406
LTB4R	CAMP	9606.ENSP00000380008	9606.ENSP00000296435	0	0	0	0	0.062	0	0	0.409	0.422
LTB4R	ECHDC3	9606.ENSP00000380008	9606.ENSP00000368517	0	0	0	0	0	0	0	0.634	0.634
LTBP1	THBS1	9606.ENSP00000386043	9606.ENSP00000260356	0	0	0	0	0.107	0.079	0.800	0.724	0.948
LTBP1	VCAN	9606.ENSP00000386043	9606.ENSP00000265077	0	0	0	0	0.074	0	0	0.390	0.412
LTBP1	ITGB5	9606.ENSP00000386043	9606.ENSP00000296181	0	0	0	0	0.132	0.242	0	0.219	0.441
LTBP1	CLU	9606.ENSP00000386043	9606.ENSP00000315130	0	0	0	0	0.065	0	0	0.430	0.444
LTBP1	TGM2	9606.ENSP00000386043	9606.ENSP00000355330	0	0	0	0	0.082	0.213	0	0.396	0.526
LTBP1	ADORA3	9606.ENSP00000386043	9606.ENSP00000358730	0	0	0	0	0	0	0	0.536	0.536
LTF	PGLYRP1	9606.ENSP00000231751	9606.ENSP00000008938	0	0	0	0	0.142	0	0	0.468	0.524
LTF	OLFM4	9606.ENSP00000231751	9606.ENSP00000219022	0	0	0	0	0.182	0	0	0.388	0.478
LTF	MPO	9606.ENSP00000231751	9606.ENSP00000225275	0	0	0	0	0.119	0	0	0.574	0.609
LTF	ORM1	9606.ENSP00000231751	9606.ENSP00000259396	0	0	0	0	0.142	0	0	0.337	0.407
LTF	MMP9	9606.ENSP00000231751	9606.ENSP00000361405	0	0	0	0	0.153	0	0	0.337	0.415
LTF	SLPI	9606.ENSP00000231751	9606.ENSP00000342082	0	0	0	0	0.101	0	0	0.418	0.454
LTF	CAMP	9606.ENSP00000231751	9606.ENSP00000296435	0	0	0	0	0.230	0	0	0.322	0.455
LTF	CEACAM8	9606.ENSP00000231751	9606.ENSP00000244336	0	0	0	0	0.325	0	0	0.233	0.460
LTF	S100A12	9606.ENSP00000231751	9606.ENSP00000357726	0	0	0	0	0.170	0.080	0	0.400	0.502
LTF	CD177	9606.ENSP00000231751	9606.ENSP00000479536	0	0	0	0	0.097	0.270	0	0.338	0.525
LTF	MMP8	9606.ENSP00000231751	9606.ENSP00000236826	0	0	0	0	0.183	0	0	0.460	0.540
LTF	HP	9606.ENSP00000231751	9606.ENSP00000348170	0	0	0	0	0.170	0.169	0	0.447	0.586
LTF	DEFA4	9606.ENSP00000231751	9606.ENSP00000297435	0	0	0	0	0.284	0	0	0.509	0.633
LTF	TCN1	9606.ENSP00000231751	9606.ENSP00000257264	0	0	0	0	0.139	0	0	0.603	0.643
LTF	LCN2	9606.ENSP00000231751	9606.ENSP00000362108	0	0	0	0	0.187	0.154	0	0.556	0.667
LTF	ELANE	9606.ENSP00000231751	9606.ENSP00000466090	0	0	0	0	0.155	0.169	0	0.597	0.692
LTF	CLU	9606.ENSP00000231751	9606.ENSP00000315130	0	0	0	0	0.062	0.270	0.600	0.948	0.984
MAFG	FECH	9606.ENSP00000350369	9606.ENSP00000372326	0	0	0	0	0	0	0	0.539	0.539
MAML3	PBX1	9606.ENSP00000421180	9606.ENSP00000405890	0	0	0	0	0	0	0.900	0	0.900
MAN1A1	NFIB	9606.ENSP00000357453	9606.ENSP00000370340	0	0	0	0	0	0	0	0.411	0.411
MAOA	SNCA	9606.ENSP00000340684	9606.ENSP00000338345	0	0	0	0	0	0	0	0.497	0.497
MAOA	FKBP5	9606.ENSP00000340684	9606.ENSP00000444810	0	0	0	0	0.061	0	0	0.524	0.534
MAOA	FAM46C	9606.ENSP00000340684	9606.ENSP00000358458	0	0	0	0	0	0	0	0.543	0.543
MCTP1	FAM198B	9606.ENSP00000424126	9606.ENSP00000377396	0	0	0	0	0	0	0	0.527	0.527
MGST1	EGF	9606.ENSP00000379512	9606.ENSP00000265171	0	0	0	0	0	0.298	0	0.244	0.447
MGST1	SNCA	9606.ENSP00000379512	9606.ENSP00000338345	0	0	0	0	0	0	0	0.460	0.459
MGST1	CYP1B1	9606.ENSP00000379512	9606.ENSP00000478561	0	0	0	0	0.062	0	0.650	0.253	0.733
MMP8	OLFM4	9606.ENSP00000236826	9606.ENSP00000219022	0	0	0	0	0.119	0	0	0.394	0.443
MMP8	MPO	9606.ENSP00000236826	9606.ENSP00000225275	0	0	0	0	0.142	0	0	0.603	0.645
MMP8	LTF	9606.ENSP00000236826	9606.ENSP00000231751	0	0	0	0	0.183	0	0	0.460	0.540
MMP8	ARG1	9606.ENSP00000236826	9606.ENSP00000349446	0	0	0	0	0.142	0	0	0.333	0.403
MMP8	THBS1	9606.ENSP00000236826	9606.ENSP00000260356	0	0	0	0	0.062	0	0	0.396	0.409
MMP8	CRISP3	9606.ENSP00000236826	9606.ENSP00000389026	0	0	0	0	0.179	0	0	0.318	0.416
MMP8	CEACAM8	9606.ENSP00000236826	9606.ENSP00000244336	0	0	0	0	0.210	0	0	0.294	0.418
MMP8	CAMP	9606.ENSP00000236826	9606.ENSP00000296435	0	0	0	0	0.228	0	0	0.283	0.423
MMP8	S100A12	9606.ENSP00000236826	9606.ENSP00000357726	0	0	0	0	0.225	0	0	0.287	0.424
MMP8	CXCL5	9606.ENSP00000236826	9606.ENSP00000296027	0	0	0	0	0.062	0	0	0.423	0.436
MMP8	CD177	9606.ENSP00000236826	9606.ENSP00000479536	0	0	0	0	0.107	0	0	0.394	0.436
MMP8	EGF	9606.ENSP00000236826	9606.ENSP00000265171	0	0	0	0	0	0	0	0.488	0.488
MMP8	VEGFA	9606.ENSP00000236826	9606.ENSP00000478570	0	0	0	0	0	0	0	0.567	0.567
MMP8	TCN1	9606.ENSP00000236826	9606.ENSP00000257264	0	0	0	0	0.166	0	0	0.506	0.570
MMP8	LCN2	9606.ENSP00000236826	9606.ENSP00000362108	0	0	0	0	0.097	0	0	0.570	0.595
MMP8	DEFA4	9606.ENSP00000236826	9606.ENSP00000297435	0	0	0	0	0.337	0	0	0.469	0.632
MMP8	MMP9	9606.ENSP00000236826	9606.ENSP00000361405	0	0	0	0.738	0.546	0	0	0.888	0.651
MMP8	ELANE	9606.ENSP00000236826	9606.ENSP00000466090	0	0	0	0	0.176	0	0.900	0.681	0.971
MMP9	RETN	9606.ENSP00000361405	9606.ENSP00000221515	0	0	0	0	0.153	0	0	0.422	0.489
MMP9	MPO	9606.ENSP00000361405	9606.ENSP00000225275	0	0	0	0	0.076	0	0	0.716	0.727
MMP9	LTF	9606.ENSP00000361405	9606.ENSP00000231751	0	0	0	0	0.153	0	0	0.337	0.415
MMP9	MMP8	9606.ENSP00000361405	9606.ENSP00000236826	0	0	0	0.738	0.546	0	0	0.888	0.651
MMP9	THBS1	9606.ENSP00000361405	9606.ENSP00000260356	0	0	0	0	0.063	0.462	0.800	0.691	0.964
MMP9	SELP	9606.ENSP00000361405	9606.ENSP00000263686	0	0	0	0	0.070	0	0	0.566	0.579
MMP9	VCAN	9606.ENSP00000361405	9606.ENSP00000265077	0	0	0	0	0	0.385	0	0.684	0.797
MMP9	EGF	9606.ENSP00000361405	9606.ENSP00000265171	0	0	0	0	0	0	0	0.728	0.728
MMP9	IGF1R	9606.ENSP00000361405	9606.ENSP00000268035	0	0	0	0	0	0	0	0.504	0.504
MMP9	PTX3	9606.ENSP00000361405	9606.ENSP00000295927	0	0	0	0	0	0	0	0.426	0.426
MMP9	CXCL5	9606.ENSP00000361405	9606.ENSP00000296027	0	0	0	0	0.134	0.463	0	0.637	0.816
MMP9	CAMP	9606.ENSP00000361405	9606.ENSP00000296435	0	0	0	0	0.140	0	0	0.391	0.453
MMP9	OLR1	9606.ENSP00000361405	9606.ENSP00000309124	0	0	0	0	0	0	0	0.455	0.455
MMP9	AQP1	9606.ENSP00000361405	9606.ENSP00000311165	0	0	0	0	0.062	0	0	0.388	0.402
MMP9	CLU	9606.ENSP00000361405	9606.ENSP00000315130	0	0	0	0	0	0.270	0	0.545	0.654
MMP9	SLPI	9606.ENSP00000361405	9606.ENSP00000342082	0	0	0	0	0.062	0	0	0.413	0.425
MMP9	HP	9606.ENSP00000361405	9606.ENSP00000348170	0	0	0	0	0.062	0	0	0.865	0.868
MMP9	ARG1	9606.ENSP00000361405	9606.ENSP00000349446	0	0	0	0	0	0	0	0.569	0.569
MMP9	CD163	9606.ENSP00000361405	9606.ENSP00000352071	0	0	0	0	0.152	0	0	0.521	0.576
MMP9	TGM2	9606.ENSP00000361405	9606.ENSP00000355330	0	0	0	0	0.062	0	0	0.396	0.409
MMP9	S100A12	9606.ENSP00000361405	9606.ENSP00000357726	0	0	0	0	0.226	0	0	0.391	0.508
MMP9	NRG1	9606.ENSP00000361405	9606.ENSP00000384620	0	0	0	0	0	0	0	0.401	0.401
MMP9	OSCAR	9606.ENSP00000361405	9606.ENSP00000479089	0	0	0	0	0.152	0	0	0.347	0.423
MMP9	SERPINB2	9606.ENSP00000361405	9606.ENSP00000401645	0	0	0	0	0.096	0.056	0	0.429	0.471
MMP9	ITGB3	9606.ENSP00000361405	9606.ENSP00000452786	0	0	0	0	0.065	0.069	0	0.477	0.505
MMP9	ELANE	9606.ENSP00000361405	9606.ENSP00000466090	0	0	0	0	0.095	0	0	0.693	0.710
MMP9	VEGFA	9606.ENSP00000361405	9606.ENSP00000478570	0	0	0	0	0	0	0.900	0.879	0.987
MMP9	LCN2	9606.ENSP00000361405	9606.ENSP00000362108	0	0	0	0	0.096	0.670	0.900	0.989	0.999
MPO	PGLYRP1	9606.ENSP00000225275	9606.ENSP00000008938	0	0	0	0	0.153	0	0	0.404	0.473
MPO	RETN	9606.ENSP00000225275	9606.ENSP00000221515	0	0	0	0	0.345	0	0	0.413	0.599
MPO	LTB4R	9606.ENSP00000225275	9606.ENSP00000380008	0	0	0	0	0.062	0.056	0	0.383	0.406
MPO	OLR1	9606.ENSP00000225275	9606.ENSP00000309124	0	0	0	0	0	0.056	0	0.406	0.415
MPO	EGF	9606.ENSP00000225275	9606.ENSP00000265171	0	0	0	0	0.062	0.069	0	0.386	0.417
MPO	CXCL5	9606.ENSP00000225275	9606.ENSP00000296027	0	0	0	0	0	0	0	0.459	0.459
MPO	CR1	9606.ENSP00000225275	9606.ENSP00000356016	0	0	0	0	0.088	0.056	0	0.468	0.501
MPO	ARG1	9606.ENSP00000225275	9606.ENSP00000349446	0	0	0	0	0.102	0	0	0.471	0.505
MPO	HP	9606.ENSP00000225275	9606.ENSP00000348170	0	0	0	0	0	0.056	0	0.501	0.509
MPO	CD163	9606.ENSP00000225275	9606.ENSP00000352071	0	0	0	0	0.070	0	0	0.518	0.532
MPO	CD177	9606.ENSP00000225275	9606.ENSP00000479536	0	0	0	0	0.057	0.270	0	0.401	0.551
MPO	ITGB3	9606.ENSP00000225275	9606.ENSP00000452786	0	0	0	0	0.062	0.136	0	0.501	0.560
MPO	VEGFA	9606.ENSP00000225275	9606.ENSP00000478570	0	0	0	0	0.062	0	0	0.562	0.571
MPO	ITGA2B	9606.ENSP00000225275	9606.ENSP00000262407	0	0	0	0	0.090	0	0	0.560	0.582
MPO	S100A12	9606.ENSP00000225275	9606.ENSP00000357726	0	0	0	0	0.285	0	0	0.468	0.604
MPO	LTF	9606.ENSP00000225275	9606.ENSP00000231751	0	0	0	0	0.119	0	0	0.574	0.609
MPO	PTX3	9606.ENSP00000225275	9606.ENSP00000295927	0	0	0	0	0	0	0	0.637	0.637
MPO	LCN2	9606.ENSP00000225275	9606.ENSP00000362108	0	0	0	0	0.088	0	0	0.625	0.643
MPO	MMP8	9606.ENSP00000225275	9606.ENSP00000236826	0	0	0	0	0.142	0	0	0.603	0.645
MPO	CAMP	9606.ENSP00000225275	9606.ENSP00000296435	0	0	0	0	0.252	0	0	0.603	0.690
MPO	SELP	9606.ENSP00000225275	9606.ENSP00000263686	0	0	0	0	0.096	0.056	0	0.674	0.698
MPO	CEACAM8	9606.ENSP00000225275	9606.ENSP00000244336	0	0	0	0	0.316	0	0	0.601	0.715
MPO	MMP9	9606.ENSP00000225275	9606.ENSP00000361405	0	0	0	0	0.076	0	0	0.716	0.727
MPO	DEFA4	9606.ENSP00000225275	9606.ENSP00000297435	0	0	0	0	0.732	0	0	0.459	0.848
MPO	RNASE3	9606.ENSP00000225275	9606.ENSP00000302324	0	0	0	0	0.544	0	0	0.721	0.867
MPO	ELANE	9606.ENSP00000225275	9606.ENSP00000466090	0	0	0	0	0.784	0.141	0	0.859	0.971
MYL9	PVALB	9606.ENSP00000279022	9606.ENSP00000216200	0	0	0	0	0.062	0.174	0	0.341	0.445
MYL9	ITGB5	9606.ENSP00000279022	9606.ENSP00000296181	0	0	0	0	0.141	0	0.600	0.075	0.654
MYL9	TNNT1	9606.ENSP00000279022	9606.ENSP00000467176	0	0	0	0	0.221	0.149	0	0.521	0.655
MYL9	CALD1	9606.ENSP00000279022	9606.ENSP00000354826	0	0	0	0	0.322	0	0.600	0.565	0.871
NCEH1	ABHD3	9606.ENSP00000442464	9606.ENSP00000289119	0	0	0	0	0.062	0	0	0.431	0.443
NEDD4L	IGF1R	9606.ENSP00000383199	9606.ENSP00000268035	0	0	0	0	0.049	0.078	0.600	0.168	0.669
NEDD4L	KCNE1	9606.ENSP00000383199	9606.ENSP00000337255	0	0	0	0	0	0	0	0.406	0.406
NEDD4L	SNCA	9606.ENSP00000383199	9606.ENSP00000338345	0	0	0	0	0.062	0.488	0	0.321	0.645
NEDD4L	SLC12A1	9606.ENSP00000383199	9606.ENSP00000379822	0	0	0	0	0	0.182	0	0.460	0.540
NEDD4L	GRB10	9606.ENSP00000383199	9606.ENSP00000381793	0	0	0	0	0.062	0.648	0	0.463	0.807
NEDD4L	SMAD1	9606.ENSP00000383199	9606.ENSP00000426568	0	0	0	0	0	0.174	0	0.334	0.427
NFIA	SLC1A3	9606.ENSP00000360231	9606.ENSP00000265113	0	0	0	0	0.065	0	0	0.605	0.616
NFIA	NFIB	9606.ENSP00000360231	9606.ENSP00000370340	0	0	0	0.953	0.356	0.480	0	0.831	0.664
NFIB	SLC1A3	9606.ENSP00000370340	9606.ENSP00000265113	0	0	0	0	0.062	0	0	0.643	0.650
NFIB	MAN1A1	9606.ENSP00000370340	9606.ENSP00000357453	0	0	0	0	0	0	0	0.411	0.411
NFIB	NFIA	9606.ENSP00000370340	9606.ENSP00000360231	0	0	0	0.953	0.356	0.480	0	0.831	0.664
NPRL3	RRAGD	9606.ENSP00000483814	9606.ENSP00000358423	0	0	0	0	0.065	0.270	0.900	0.682	0.975
NPRL3	SESN3	9606.ENSP00000483814	9606.ENSP00000441927	0	0	0	0	0.065	0.270	0	0.628	0.724
NPRL3	KANK2	9606.ENSP00000483814	9606.ENSP00000468002	0	0	0	0	0	0	0	0.624	0.624
NRG1	PVALB	9606.ENSP00000384620	9606.ENSP00000216200	0	0	0	0	0	0	0	0.601	0.601
NRG1	EGF	9606.ENSP00000384620	9606.ENSP00000265171	0	0	0	0	0	0.658	0.500	0.850	0.972
NRG1	MMP9	9606.ENSP00000384620	9606.ENSP00000361405	0	0	0	0	0	0	0	0.401	0.401
NRGN	PVALB	9606.ENSP00000284292	9606.ENSP00000216200	0	0	0	0	0.262	0.064	0	0.541	0.655
NRGN	SNCA	9606.ENSP00000284292	9606.ENSP00000338345	0	0	0	0	0.122	0.270	0	0.378	0.566
OLFM4	CEACAM6	9606.ENSP00000219022	9606.ENSP00000199764	0	0	0	0	0.160	0	0	0.315	0.400
OLFM4	CEACAM8	9606.ENSP00000219022	9606.ENSP00000244336	0	0	0	0	0.185	0	0	0.320	0.422
OLFM4	MMP8	9606.ENSP00000219022	9606.ENSP00000236826	0	0	0	0	0.119	0	0	0.394	0.443
OLFM4	LTF	9606.ENSP00000219022	9606.ENSP00000231751	0	0	0	0	0.182	0	0	0.388	0.478
OLFM4	LCN2	9606.ENSP00000219022	9606.ENSP00000362108	0	0	0	0	0.239	0	0	0.413	0.534
OLFM4	DEFA4	9606.ENSP00000219022	9606.ENSP00000297435	0	0	0	0	0.155	0	0	0.472	0.535
OLFM4	CD177	9606.ENSP00000219022	9606.ENSP00000479536	0	0	0	0	0.088	0	0	0.524	0.547
OLR1	MPO	9606.ENSP00000309124	9606.ENSP00000225275	0	0	0	0	0	0.056	0	0.406	0.415
OLR1	SELP	9606.ENSP00000309124	9606.ENSP00000263686	0	0	0	0	0.062	0	0	0.428	0.440
OLR1	MMP9	9606.ENSP00000309124	9606.ENSP00000361405	0	0	0	0	0	0	0	0.455	0.455
OLR1	ALOX15B	9606.ENSP00000309124	9606.ENSP00000369530	0	0	0	0	0	0	0	0.474	0.474
ORM1	LTF	9606.ENSP00000259396	9606.ENSP00000231751	0	0	0	0	0.142	0	0	0.337	0.407
ORM1	LCN2	9606.ENSP00000259396	9606.ENSP00000362108	0	0	0	0	0.107	0	0	0.423	0.463
ORM1	CLU	9606.ENSP00000259396	9606.ENSP00000315130	0	0	0	0	0	0	0	0.472	0.472
ORM1	ASGR2	9606.ENSP00000259396	9606.ENSP00000347140	0	0	0	0	0.508	0	0	0	0.508
ORM1	HP	9606.ENSP00000259396	9606.ENSP00000348170	0	0	0	0	0.284	0	0	0.760	0.821
OSCAR	MMP9	9606.ENSP00000479089	9606.ENSP00000361405	0	0	0	0	0.152	0	0	0.347	0.423
OSCAR	CLEC5A	9606.ENSP00000479089	9606.ENSP00000449999	0	0	0	0	0.214	0	0	0.317	0.440
OSCAR	FOLR3	9606.ENSP00000479089	9606.ENSP00000481114	0	0	0	0	0.155	0	0	0.432	0.499
PBX1	SOX6	9606.ENSP00000405890	9606.ENSP00000379644	0	0	0	0	0	0	0	0.509	0.509
PBX1	MAML3	9606.ENSP00000405890	9606.ENSP00000421180	0	0	0	0	0	0	0.900	0	0.900
PDGFC	EGF	9606.ENSP00000422464	9606.ENSP00000265171	0	0	0	0	0	0	0.800	0.391	0.872
PDGFC	IGF1R	9606.ENSP00000422464	9606.ENSP00000268035	0	0	0	0	0	0	0.600	0.235	0.680
PDGFC	VEGFA	9606.ENSP00000422464	9606.ENSP00000478570	0	0	0	0	0	0	0	0.681	0.681
PEAR1	EGF	9606.ENSP00000344465	9606.ENSP00000265171	0	0	0	0	0.082	0.151	0	0.322	0.425
PEAR1	GP6	9606.ENSP00000344465	9606.ENSP00000308782	0	0	0	0	0	0	0	0.556	0.556
PFKFB2	HK2	9606.ENSP00000356047	9606.ENSP00000290573	0	0	0	0	0.065	0	0.650	0.527	0.831
PGLYRP1	MPO	9606.ENSP00000008938	9606.ENSP00000225275	0	0	0	0	0.153	0	0	0.404	0.473
PGLYRP1	LTF	9606.ENSP00000008938	9606.ENSP00000231751	0	0	0	0	0.142	0	0	0.468	0.524
PGLYRP1	S100A12	9606.ENSP00000008938	9606.ENSP00000357726	0	0	0	0	0.337	0	0	0.369	0.564
PGLYRP1	DEFA4	9606.ENSP00000008938	9606.ENSP00000297435	0	0	0	0	0.542	0	0	0.320	0.675
PGLYRP1	CAMP	9606.ENSP00000008938	9606.ENSP00000296435	0	0	0	0	0.560	0	0	0.338	0.696
PGM5	G6PD	9606.ENSP00000379678	9606.ENSP00000377192	0.167	0	0	0	0.064	0.344	0	0.424	0.665
PI3	EGF	9606.ENSP00000243924	9606.ENSP00000265171	0	0	0	0	0	0	0	0.451	0.451
PI3	VEGFA	9606.ENSP00000243924	9606.ENSP00000478570	0	0	0	0	0	0	0	0.454	0.454
PI3	PLSCR1	9606.ENSP00000243924	9606.ENSP00000345494	0	0	0	0	0	0	0	0.456	0.456
PI3	S100A12	9606.ENSP00000243924	9606.ENSP00000357726	0	0	0	0	0.112	0	0	0.479	0.517
PI3	CAMP	9606.ENSP00000243924	9606.ENSP00000296435	0	0	0	0	0.073	0	0	0.505	0.521
PI3	LCN2	9606.ENSP00000243924	9606.ENSP00000362108	0	0	0	0	0.323	0	0	0.380	0.562
PI3	WIPI1	9606.ENSP00000243924	9606.ENSP00000262139	0	0	0	0	0	0	0	0.573	0.573
PI3	SLPI	9606.ENSP00000243924	9606.ENSP00000342082	0	0	0	0.749	0.534	0	0	0.769	0.622
PI3	ELANE	9606.ENSP00000243924	9606.ENSP00000466090	0	0	0	0	0	0	0	0.723	0.723
PLSCR1	PI3	9606.ENSP00000345494	9606.ENSP00000243924	0	0	0	0	0	0	0	0.456	0.456
PLSCR1	SLPI	9606.ENSP00000345494	9606.ENSP00000342082	0	0	0	0	0	0.270	0	0.448	0.580
PLSCR1	IFI27	9606.ENSP00000345494	9606.ENSP00000483430	0	0	0	0	0	0	0	0.504	0.504
PLSCR1	RSAD2	9606.ENSP00000345494	9606.ENSP00000371471	0	0	0	0	0.522	0	0	0.526	0.763
PLSCR1	IFIT1	9606.ENSP00000345494	9606.ENSP00000360869	0	0	0	0	0.548	0	0	0.505	0.766
PROS1	F5	9606.ENSP00000377783	9606.ENSP00000356771	0	0	0	0	0.063	0.486	0.900	0.501	0.972
PRRG4	TNFAIP6	9606.ENSP00000257836	9606.ENSP00000243347	0	0	0	0	0	0	0	0.469	0.469
PRRG4	VNN1	9606.ENSP00000257836	9606.ENSP00000356905	0	0	0	0	0	0	0	0.596	0.596
PRRG4	CLEC4D	9606.ENSP00000257836	9606.ENSP00000299665	0	0	0	0	0	0	0	0.597	0.597
PTX3	MPO	9606.ENSP00000295927	9606.ENSP00000225275	0	0	0	0	0	0	0	0.637	0.637
PTX3	TNFAIP6	9606.ENSP00000295927	9606.ENSP00000243347	0	0	0	0	0.147	0.417	0	0.977	0.988
PTX3	THBS1	9606.ENSP00000295927	9606.ENSP00000260356	0	0	0	0	0.157	0	0	0.500	0.561
PTX3	SELP	9606.ENSP00000295927	9606.ENSP00000263686	0	0	0	0	0.062	0	0	0.988	0.988
PTX3	MMP9	9606.ENSP00000295927	9606.ENSP00000361405	0	0	0	0	0	0	0	0.426	0.426
PTX3	VEGFA	9606.ENSP00000295927	9606.ENSP00000478570	0	0	0	0	0.060	0	0	0.583	0.591
PVALB	RSPH9	9606.ENSP00000216200	9606.ENSP00000361238	0	0	0	0	0.073	0	0	0.379	0.400
PVALB	CALD1	9606.ENSP00000216200	9606.ENSP00000354826	0	0	0	0	0	0	0	0.418	0.418
PVALB	SNCA	9606.ENSP00000216200	9606.ENSP00000338345	0	0	0	0	0.147	0.056	0	0.336	0.419
PVALB	SLC1A3	9606.ENSP00000216200	9606.ENSP00000265113	0	0	0	0	0.114	0	0	0.386	0.432
PVALB	MYL9	9606.ENSP00000216200	9606.ENSP00000279022	0	0	0	0	0.062	0.174	0	0.341	0.445
PVALB	NRG1	9606.ENSP00000216200	9606.ENSP00000384620	0	0	0	0	0	0	0	0.601	0.601
PVALB	NRGN	9606.ENSP00000216200	9606.ENSP00000284292	0	0	0	0	0.262	0.064	0	0.541	0.655
QKI	ITGA2B	9606.ENSP00000355094	9606.ENSP00000262407	0	0	0	0	0.062	0.065	0.600	0.048	0.621
QKI	RNF130	9606.ENSP00000355094	9606.ENSP00000430237	0	0	0	0	0.081	0.103	0	0.414	0.475
QKI	DNAJC6	9606.ENSP00000355094	9606.ENSP00000360108	0	0	0	0	0.484	0	0	0	0.483
QKI	ITGB3	9606.ENSP00000355094	9606.ENSP00000452786	0	0	0	0	0.062	0	0.600	0.054	0.614
RAB13	TACSTD2	9606.ENSP00000357564	9606.ENSP00000360269	0	0	0	0	0	0	0	0.646	0.646
RAB13	RPH3A	9606.ENSP00000357564	9606.ENSP00000374036	0	0	0	0	0	0.076	0	0.683	0.694
RETN	RNASE3	9606.ENSP00000221515	9606.ENSP00000302324	0	0	0	0	0.333	0	0	0.165	0.419
RETN	HP	9606.ENSP00000221515	9606.ENSP00000348170	0	0	0	0	0.089	0	0	0.401	0.430
RETN	ELANE	9606.ENSP00000221515	9606.ENSP00000466090	0	0	0	0	0.336	0	0	0.218	0.459
RETN	MMP9	9606.ENSP00000221515	9606.ENSP00000361405	0	0	0	0	0.153	0	0	0.422	0.489
RETN	VEGFA	9606.ENSP00000221515	9606.ENSP00000478570	0	0	0	0	0	0	0	0.504	0.504
RETN	LCN2	9606.ENSP00000221515	9606.ENSP00000362108	0	0	0	0	0.060	0	0	0.558	0.566
RETN	ARG1	9606.ENSP00000221515	9606.ENSP00000349446	0	0	0	0	0.098	0	0	0.563	0.589
RETN	S100A12	9606.ENSP00000221515	9606.ENSP00000357726	0	0	0	0	0.469	0	0	0.270	0.596
RETN	MPO	9606.ENSP00000221515	9606.ENSP00000225275	0	0	0	0	0.345	0	0	0.413	0.599
RHD	ANK1	9606.ENSP00000339577	9606.ENSP00000265709	0	0	0	0	0.062	0	0	0.445	0.457
RHOBTB1	DOCK4	9606.ENSP00000338671	9606.ENSP00000404179	0	0	0	0	0	0.196	0	0.290	0.405
RNASE3	RETN	9606.ENSP00000302324	9606.ENSP00000221515	0	0	0	0	0.333	0	0	0.165	0.419
RNASE3	MPO	9606.ENSP00000302324	9606.ENSP00000225275	0	0	0	0	0.544	0	0	0.721	0.867
RNASE3	CEACAM8	9606.ENSP00000302324	9606.ENSP00000244336	0	0	0	0	0.313	0	0	0.213	0.436
RNASE3	DEFA4	9606.ENSP00000302324	9606.ENSP00000297435	0	0	0	0	0.715	0	0	0.087	0.728
RNASE3	S100A12	9606.ENSP00000302324	9606.ENSP00000357726	0	0	0	0	0.337	0	0	0.244	0.477
RNASE3	ELANE	9606.ENSP00000302324	9606.ENSP00000466090	0	0	0	0	0.557	0	0	0.595	0.812
RNF130	QKI	9606.ENSP00000430237	9606.ENSP00000355094	0	0	0	0	0.081	0.103	0	0.414	0.475
RPH3A	SNCA	9606.ENSP00000374036	9606.ENSP00000338345	0	0	0	0	0.106	0	0	0.639	0.664
RPH3A	RAB13	9606.ENSP00000374036	9606.ENSP00000357564	0	0	0	0	0	0.076	0	0.683	0.694
RRAGD	WDR41	9606.ENSP00000358423	9606.ENSP00000296679	0	0	0	0	0	0	0	0.602	0.602
RRAGD	NPRL3	9606.ENSP00000358423	9606.ENSP00000483814	0	0	0	0	0.065	0.270	0.900	0.682	0.975
RSAD2	CMPK2	9606.ENSP00000371471	9606.ENSP00000256722	0	0	0	0	0.908	0	0	0.728	0.974
RSAD2	PLSCR1	9606.ENSP00000371471	9606.ENSP00000345494	0	0	0	0	0.522	0	0	0.526	0.763
RSAD2	IRF5	9606.ENSP00000371471	9606.ENSP00000349770	0	0	0	0	0.077	0	0.900	0.403	0.940
RSAD2	IFIT1	9606.ENSP00000371471	9606.ENSP00000360869	0	0	0	0	0.885	0.154	0.900	0.833	0.998
RSAD2	IFI27	9606.ENSP00000371471	9606.ENSP00000483430	0	0	0	0	0.510	0	0.900	0.706	0.984
RSPH9	PVALB	9606.ENSP00000361238	9606.ENSP00000216200	0	0	0	0	0.073	0	0	0.379	0.400
S100A12	PGLYRP1	9606.ENSP00000357726	9606.ENSP00000008938	0	0	0	0	0.337	0	0	0.369	0.564
S100A12	RETN	9606.ENSP00000357726	9606.ENSP00000221515	0	0	0	0	0.469	0	0	0.270	0.596
S100A12	MPO	9606.ENSP00000357726	9606.ENSP00000225275	0	0	0	0	0.285	0	0	0.468	0.604
S100A12	LTF	9606.ENSP00000357726	9606.ENSP00000231751	0	0	0	0	0.170	0.080	0	0.400	0.502
S100A12	MMP8	9606.ENSP00000357726	9606.ENSP00000236826	0	0	0	0	0.225	0	0	0.287	0.424
S100A12	PI3	9606.ENSP00000357726	9606.ENSP00000243924	0	0	0	0	0.112	0	0	0.479	0.517
S100A12	CAMP	9606.ENSP00000357726	9606.ENSP00000296435	0	0	0	0	0.416	0	0	0.336	0.595
S100A12	DEFA4	9606.ENSP00000357726	9606.ENSP00000297435	0	0	0	0	0.351	0	0	0.406	0.598
S100A12	CLEC4D	9606.ENSP00000357726	9606.ENSP00000299665	0	0	0	0	0.492	0	0	0.210	0.582
S100A12	RNASE3	9606.ENSP00000357726	9606.ENSP00000302324	0	0	0	0	0.337	0	0	0.244	0.477
S100A12	CLEC12A	9606.ENSP00000357726	9606.ENSP00000347916	0	0	0	0	0.431	0	0	0.146	0.493
S100A12	HP	9606.ENSP00000357726	9606.ENSP00000348170	0	0	0	0	0.100	0	0	0.458	0.491
S100A12	CLEC5A	9606.ENSP00000357726	9606.ENSP00000449999	0	0	0	0	0.361	0	0	0.103	0.402
S100A12	FOLR3	9606.ENSP00000357726	9606.ENSP00000481114	0	0	0	0	0.340	0	0	0.154	0.418
S100A12	GPR84	9606.ENSP00000357726	9606.ENSP00000450310	0	0	0	0	0.336	0	0	0.216	0.457
S100A12	ELANE	9606.ENSP00000357726	9606.ENSP00000466090	0	0	0	0	0.194	0	0	0.372	0.472
S100A12	MMP9	9606.ENSP00000357726	9606.ENSP00000361405	0	0	0	0	0.226	0	0	0.391	0.508
S100A12	LCN2	9606.ENSP00000357726	9606.ENSP00000362108	0	0	0	0	0.155	0	0	0.459	0.523
S1PR3	IGF1R	9606.ENSP00000365006	9606.ENSP00000268035	0	0	0	0	0	0	0.650	0.101	0.672
SBF2	TPST1	9606.ENSP00000256190	9606.ENSP00000302413	0	0	0	0	0	0	0	0.451	0.451
SBF2	FGD4	9606.ENSP00000256190	9606.ENSP00000394487	0	0	0	0	0.089	0	0	0.801	0.811
SDHD	HK2	9606.ENSP00000364699	9606.ENSP00000290573	0	0	0	0	0.062	0	0	0.586	0.595
SDHD	FECH	9606.ENSP00000364699	9606.ENSP00000372326	0	0	0	0	0.042	0	0	0.474	0.475
SELP	MPO	9606.ENSP00000263686	9606.ENSP00000225275	0	0	0	0	0.096	0.056	0	0.674	0.698
SELP	TFPI	9606.ENSP00000263686	9606.ENSP00000233156	0	0	0	0	0	0.056	0	0.509	0.516
SELP	THBS1	9606.ENSP00000263686	9606.ENSP00000260356	0	0	0	0	0	0	0	0.452	0.452
SELP	ITGA2B	9606.ENSP00000263686	9606.ENSP00000262407	0	0	0	0	0.098	0	0.500	0.873	0.937
SELP	CXCL5	9606.ENSP00000263686	9606.ENSP00000296027	0	0	0	0	0.062	0	0	0.403	0.416
SELP	OLR1	9606.ENSP00000263686	9606.ENSP00000309124	0	0	0	0	0.062	0	0	0.428	0.440
SELP	SERPING1	9606.ENSP00000263686	9606.ENSP00000278407	0	0	0	0	0.083	0.282	0	0.233	0.451
SELP	F5	9606.ENSP00000263686	9606.ENSP00000356771	0	0	0	0	0.116	0	0	0.415	0.460
SELP	ELANE	9606.ENSP00000263686	9606.ENSP00000466090	0	0	0	0	0.070	0	0	0.505	0.519
SELP	CLEC1B	9606.ENSP00000263686	9606.ENSP00000298527	0	0	0	0	0.152	0	0	0.523	0.578
SELP	MMP9	9606.ENSP00000263686	9606.ENSP00000361405	0	0	0	0	0.070	0	0	0.566	0.579
SELP	VCAN	9606.ENSP00000263686	9606.ENSP00000265077	0	0	0	0.542	0	0.316	0	0.932	0.607
SELP	EGF	9606.ENSP00000263686	9606.ENSP00000265171	0	0	0	0	0	0	0	0.610	0.610
SELP	VEGFA	9606.ENSP00000263686	9606.ENSP00000478570	0	0	0	0	0	0	0	0.630	0.630
SELP	GP6	9606.ENSP00000263686	9606.ENSP00000308782	0	0	0	0	0	0	0	0.759	0.759
SELP	ITGB3	9606.ENSP00000263686	9606.ENSP00000452786	0	0	0	0	0.117	0	0.500	0.752	0.881
SELP	PTX3	9606.ENSP00000263686	9606.ENSP00000295927	0	0	0	0	0.062	0	0	0.988	0.988
SERPINB2	ITGB5	9606.ENSP00000401645	9606.ENSP00000296181	0	0	0	0	0	0	0	0.431	0.431
SERPINB2	MMP9	9606.ENSP00000401645	9606.ENSP00000361405	0	0	0	0	0.096	0.056	0	0.429	0.471
SERPINB2	SLC12A1	9606.ENSP00000401645	9606.ENSP00000379822	0	0	0	0	0	0	0	0.423	0.422
SERPINB2	FKBP5	9606.ENSP00000401645	9606.ENSP00000444810	0	0	0	0	0	0	0	0.720	0.720
SERPING1	SELP	9606.ENSP00000278407	9606.ENSP00000263686	0	0	0	0	0.083	0.282	0	0.233	0.451
SERPING1	CR1	9606.ENSP00000278407	9606.ENSP00000356016	0	0	0	0	0	0.057	0	0.435	0.444
SERPING1	HP	9606.ENSP00000278407	9606.ENSP00000348170	0	0	0	0	0.063	0.120	0	0.404	0.465
SERPING1	CLU	9606.ENSP00000278407	9606.ENSP00000315130	0	0	0	0	0.099	0	0	0.502	0.533
SERPING1	ELANE	9606.ENSP00000278407	9606.ENSP00000466090	0	0	0	0	0.062	0.330	0	0.391	0.584
SESN3	NPRL3	9606.ENSP00000441927	9606.ENSP00000483814	0	0	0	0	0.065	0.270	0	0.628	0.724
SLC12A1	ITGA2B	9606.ENSP00000379822	9606.ENSP00000262407	0	0	0	0	0	0	0	0.435	0.435
SLC12A1	SLC4A1	9606.ENSP00000379822	9606.ENSP00000262418	0	0	0	0	0.062	0	0	0.399	0.412
SLC12A1	AQP1	9606.ENSP00000379822	9606.ENSP00000311165	0	0	0	0	0.062	0	0	0.700	0.707
SLC12A1	CD163	9606.ENSP00000379822	9606.ENSP00000352071	0	0	0	0	0	0	0	0.642	0.642
SLC12A1	SERPINB2	9606.ENSP00000379822	9606.ENSP00000401645	0	0	0	0	0	0	0	0.423	0.422
SLC12A1	NEDD4L	9606.ENSP00000379822	9606.ENSP00000383199	0	0	0	0	0	0.182	0	0.460	0.540
SLC1A3	PVALB	9606.ENSP00000265113	9606.ENSP00000216200	0	0	0	0	0.114	0	0	0.386	0.432
SLC1A3	EGF	9606.ENSP00000265113	9606.ENSP00000265171	0	0	0	0	0.062	0	0	0.423	0.436
SLC1A3	CALD1	9606.ENSP00000265113	9606.ENSP00000354826	0	0	0	0	0.066	0	0	0.424	0.439
SLC1A3	NFIA	9606.ENSP00000265113	9606.ENSP00000360231	0	0	0	0	0.065	0	0	0.605	0.616
SLC1A3	NFIB	9606.ENSP00000265113	9606.ENSP00000370340	0	0	0	0	0.062	0	0	0.643	0.650
SLC1A3	GLUL	9606.ENSP00000265113	9606.ENSP00000307900	0	0	0	0	0.106	0	0	0.831	0.843
SLC4A1	TNS1	9606.ENSP00000262418	9606.ENSP00000171887	0	0	0	0	0.664	0	0	0.045	0.666
SLC4A1	TMOD1	9606.ENSP00000262418	9606.ENSP00000259365	0	0	0	0	0.332	0	0	0.351	0.549
SLC4A1	GMPR	9606.ENSP00000262418	9606.ENSP00000259727	0	0	0	0	0.321	0	0	0.256	0.473
SLC4A1	ITGA2B	9606.ENSP00000262418	9606.ENSP00000262407	0	0	0	0	0.097	0	0	0.539	0.566
SLC4A1	SLC12A1	9606.ENSP00000262418	9606.ENSP00000379822	0	0	0	0	0.062	0	0	0.399	0.412
SLC4A1	ITGB3	9606.ENSP00000262418	9606.ENSP00000452786	0	0	0	0	0.062	0	0	0.456	0.467
SLC4A1	FECH	9606.ENSP00000262418	9606.ENSP00000372326	0	0	0	0	0.230	0	0	0.443	0.553
SLC4A1	AQP1	9606.ENSP00000262418	9606.ENSP00000311165	0	0	0	0	0.062	0.305	0	0.383	0.562
SLC4A1	SNCA	9606.ENSP00000262418	9606.ENSP00000338345	0	0	0	0	0.568	0	0	0.206	0.642
SLC4A1	AHSP	9606.ENSP00000262418	9606.ENSP00000307199	0	0	0	0	0.769	0	0	0.506	0.881
SLC4A1	ALAS2	9606.ENSP00000262418	9606.ENSP00000332369	0	0	0	0	0.781	0	0	0.649	0.920
SLC4A1	ANK1	9606.ENSP00000262418	9606.ENSP00000265709	0	0	0	0	0.101	0.678	0	0.766	0.926
SLPI	LTF	9606.ENSP00000342082	9606.ENSP00000231751	0	0	0	0	0.101	0	0	0.418	0.454
SLPI	PI3	9606.ENSP00000342082	9606.ENSP00000243924	0	0	0	0.749	0.534	0	0	0.769	0.622
SLPI	CAMP	9606.ENSP00000342082	9606.ENSP00000296435	0	0	0	0	0.089	0	0	0.652	0.669
SLPI	MMP9	9606.ENSP00000342082	9606.ENSP00000361405	0	0	0	0	0.062	0	0	0.413	0.425
SLPI	PLSCR1	9606.ENSP00000342082	9606.ENSP00000345494	0	0	0	0	0	0.270	0	0.448	0.580
SLPI	LCN2	9606.ENSP00000342082	9606.ENSP00000362108	0	0	0	0	0.343	0	0	0.644	0.756
SLPI	ELANE	9606.ENSP00000342082	9606.ENSP00000466090	0	0	0	0	0.062	0.932	0	0.925	0.994
SMAD1	NEDD4L	9606.ENSP00000426568	9606.ENSP00000383199	0	0	0	0	0	0.174	0	0.334	0.427
SNCA	PVALB	9606.ENSP00000338345	9606.ENSP00000216200	0	0	0	0	0.147	0.056	0	0.336	0.419
SNCA	SLC4A1	9606.ENSP00000338345	9606.ENSP00000262418	0	0	0	0	0.568	0	0	0.206	0.642
SNCA	NRGN	9606.ENSP00000338345	9606.ENSP00000284292	0	0	0	0	0.122	0.270	0	0.378	0.566
SNCA	AHSP	9606.ENSP00000338345	9606.ENSP00000307199	0	0	0	0	0.645	0	0	0.224	0.712
SNCA	CLU	9606.ENSP00000338345	9606.ENSP00000315130	0	0	0	0	0.104	0.486	0	0.457	0.728
SNCA	ALAS2	9606.ENSP00000338345	9606.ENSP00000332369	0	0	0	0	0.553	0	0	0.285	0.667
SNCA	MGST1	9606.ENSP00000338345	9606.ENSP00000379512	0	0	0	0	0	0	0	0.460	0.459
SNCA	MAOA	9606.ENSP00000338345	9606.ENSP00000340684	0	0	0	0	0	0	0	0.497	0.497
SNCA	DNAJC6	9606.ENSP00000338345	9606.ENSP00000360108	0	0	0	0	0.119	0	0	0.520	0.559
SNCA	NEDD4L	9606.ENSP00000338345	9606.ENSP00000383199	0	0	0	0	0.062	0.488	0	0.321	0.645
SNCA	RPH3A	9606.ENSP00000338345	9606.ENSP00000374036	0	0	0	0	0.106	0	0	0.639	0.664
SOX6	PBX1	9606.ENSP00000379644	9606.ENSP00000405890	0	0	0	0	0	0	0	0.509	0.509
SYTL4	ITGA2B	9606.ENSP00000362080	9606.ENSP00000262407	0	0	0	0	0.049	0	0.500	0	0.504
SYTL4	ITGB3	9606.ENSP00000362080	9606.ENSP00000452786	0	0	0	0	0.049	0	0.500	0	0.504
TACSTD2	RAB13	9606.ENSP00000360269	9606.ENSP00000357564	0	0	0	0	0	0	0	0.646	0.646
TCN1	LTF	9606.ENSP00000257264	9606.ENSP00000231751	0	0	0	0	0.139	0	0	0.603	0.643
TCN1	MMP8	9606.ENSP00000257264	9606.ENSP00000236826	0	0	0	0	0.166	0	0	0.506	0.570
TCN1	LCN2	9606.ENSP00000257264	9606.ENSP00000362108	0	0	0	0	0.306	0	0	0.248	0.455
TFPI	HP	9606.ENSP00000233156	9606.ENSP00000348170	0	0	0	0	0	0.143	0	0.329	0.401
TFPI	VCAN	9606.ENSP00000233156	9606.ENSP00000265077	0	0	0	0	0	0	0	0.428	0.428
TFPI	THBS1	9606.ENSP00000233156	9606.ENSP00000260356	0	0	0	0	0.063	0.270	0	0.268	0.455
TFPI	SELP	9606.ENSP00000233156	9606.ENSP00000263686	0	0	0	0	0	0.056	0	0.509	0.516
TFPI	F5	9606.ENSP00000233156	9606.ENSP00000356771	0	0	0	0	0	0	0	0.527	0.527
TFPI	ELANE	9606.ENSP00000233156	9606.ENSP00000466090	0	0	0	0	0	0.296	0	0.413	0.569
TGM2	THBS1	9606.ENSP00000355330	9606.ENSP00000260356	0	0	0	0	0.095	0.234	0	0.393	0.542
TGM2	ITGB5	9606.ENSP00000355330	9606.ENSP00000296181	0	0	0	0	0.090	0.056	0	0.455	0.491
TGM2	HP	9606.ENSP00000355330	9606.ENSP00000348170	0	0	0	0	0.063	0.111	0	0.396	0.453
TGM2	MMP9	9606.ENSP00000355330	9606.ENSP00000361405	0	0	0	0	0.062	0	0	0.396	0.409
TGM2	VEGFA	9606.ENSP00000355330	9606.ENSP00000478570	0	0	0	0	0.085	0	0	0.382	0.410
TGM2	LTBP1	9606.ENSP00000355330	9606.ENSP00000386043	0	0	0	0	0.082	0.213	0	0.396	0.526
TGM2	G6PD	9606.ENSP00000355330	9606.ENSP00000377192	0	0	0	0	0	0.484	0	0.138	0.536
TGM2	ITGB3	9606.ENSP00000355330	9606.ENSP00000452786	0	0	0	0	0.108	0.460	0	0.853	0.923
THBS1	TFPI	9606.ENSP00000260356	9606.ENSP00000233156	0	0	0	0	0.063	0.270	0	0.268	0.455
THBS1	MMP8	9606.ENSP00000260356	9606.ENSP00000236826	0	0	0	0	0.062	0	0	0.396	0.409
THBS1	INHBA	9606.ENSP00000260356	9606.ENSP00000242208	0	0	0	0	0.181	0	0	0.323	0.422
THBS1	TNFAIP6	9606.ENSP00000260356	9606.ENSP00000243347	0	0	0	0	0.070	0.462	0	0.549	0.755
THBS1	LCN2	9606.ENSP00000260356	9606.ENSP00000362108	0	0	0	0	0.062	0	0	0.394	0.408
THBS1	SELP	9606.ENSP00000260356	9606.ENSP00000263686	0	0	0	0	0	0	0	0.452	0.452
THBS1	TGM2	9606.ENSP00000260356	9606.ENSP00000355330	0	0	0	0	0.095	0.234	0	0.393	0.542
THBS1	PTX3	9606.ENSP00000260356	9606.ENSP00000295927	0	0	0	0	0.157	0	0	0.500	0.561
THBS1	EGF	9606.ENSP00000260356	9606.ENSP00000265171	0	0	0	0	0	0	0	0.590	0.591
THBS1	ELANE	9606.ENSP00000260356	9606.ENSP00000466090	0	0	0	0	0	0.270	0	0.483	0.606
THBS1	ITGB5	9606.ENSP00000260356	9606.ENSP00000296181	0	0	0	0	0.098	0	0.600	0.325	0.735
THBS1	VCAN	9606.ENSP00000260356	9606.ENSP00000265077	0	0	0	0	0.085	0	0	0.914	0.919
THBS1	VEGFA	9606.ENSP00000260356	9606.ENSP00000478570	0	0	0	0	0	0.270	0	0.895	0.920
THBS1	ITGA2B	9606.ENSP00000260356	9606.ENSP00000262407	0	0	0	0	0	0.067	0.900	0.347	0.933
THBS1	LTBP1	9606.ENSP00000260356	9606.ENSP00000386043	0	0	0	0	0.107	0.079	0.800	0.724	0.948
THBS1	MMP9	9606.ENSP00000260356	9606.ENSP00000361405	0	0	0	0	0.063	0.462	0.800	0.691	0.964
THBS1	ITGB3	9606.ENSP00000260356	9606.ENSP00000452786	0	0	0	0	0.114	0.486	0.900	0.440	0.971
TMEM176A	TMEM176B	9606.ENSP00000417626	9606.ENSP00000410269	0	0	0	0.768	0.965	0.272	0	0.950	0.979
TMEM176B	TMEM176A	9606.ENSP00000410269	9606.ENSP00000417626	0	0	0	0.768	0.965	0.272	0	0.950	0.979
TMOD1	ANK1	9606.ENSP00000259365	9606.ENSP00000265709	0	0	0	0	0.087	0	0	0.459	0.485
TMOD1	SLC4A1	9606.ENSP00000259365	9606.ENSP00000262418	0	0	0	0	0.332	0	0	0.351	0.549
TMOD1	TNNT1	9606.ENSP00000259365	9606.ENSP00000467176	0	0	0	0	0.076	0	0.600	0.472	0.788
TNFAIP6	INHBA	9606.ENSP00000243347	9606.ENSP00000242208	0	0	0	0	0.117	0.101	0	0.405	0.487
TNFAIP6	CLEC4D	9606.ENSP00000243347	9606.ENSP00000299665	0	0	0	0	0.142	0	0	0.365	0.432
TNFAIP6	VEGFA	9606.ENSP00000243347	9606.ENSP00000478570	0	0	0	0	0	0	0	0.458	0.457
TNFAIP6	PRRG4	9606.ENSP00000243347	9606.ENSP00000257836	0	0	0	0	0	0	0	0.469	0.469
TNFAIP6	EGF	9606.ENSP00000243347	9606.ENSP00000265171	0	0	0	0	0.062	0.151	0	0.401	0.481
TNFAIP6	THBS1	9606.ENSP00000243347	9606.ENSP00000260356	0	0	0	0	0.070	0.462	0	0.549	0.755
TNFAIP6	PTX3	9606.ENSP00000243347	9606.ENSP00000295927	0	0	0	0	0.147	0.417	0	0.977	0.988
TNNT1	TMOD1	9606.ENSP00000467176	9606.ENSP00000259365	0	0	0	0	0.076	0	0.600	0.472	0.788
TNNT1	MYL9	9606.ENSP00000467176	9606.ENSP00000279022	0	0	0	0	0.221	0.149	0	0.521	0.655
TNS1	VEGFA	9606.ENSP00000171887	9606.ENSP00000478570	0	0	0	0	0	0	0	0.468	0.468
TNS1	EGF	9606.ENSP00000171887	9606.ENSP00000265171	0	0	0	0	0.068	0.062	0	0.459	0.485
TNS1	IGF1R	9606.ENSP00000171887	9606.ENSP00000268035	0	0	0	0	0.053	0.219	0	0.511	0.607
TNS1	SLC4A1	9606.ENSP00000171887	9606.ENSP00000262418	0	0	0	0	0.664	0	0	0.045	0.666
TNS1	ITGB3	9606.ENSP00000171887	9606.ENSP00000452786	0	0	0	0	0.093	0.109	0	0.702	0.739
TPST1	SBF2	9606.ENSP00000302413	9606.ENSP00000256190	0	0	0	0	0	0	0	0.451	0.451
TPST1	ELANE	9606.ENSP00000302413	9606.ENSP00000466090	0	0	0	0	0	0	0	0.536	0.536
VCAN	TFPI	9606.ENSP00000265077	9606.ENSP00000233156	0	0	0	0	0	0	0	0.428	0.428
VCAN	THBS1	9606.ENSP00000265077	9606.ENSP00000260356	0	0	0	0	0.085	0	0	0.914	0.919
VCAN	SELP	9606.ENSP00000265077	9606.ENSP00000263686	0	0	0	0.542	0	0.316	0	0.932	0.607
VCAN	LTBP1	9606.ENSP00000265077	9606.ENSP00000386043	0	0	0	0	0.074	0	0	0.390	0.412
VCAN	ITGB3	9606.ENSP00000265077	9606.ENSP00000452786	0	0	0	0	0.062	0	0	0.455	0.467
VCAN	CALD1	9606.ENSP00000265077	9606.ENSP00000354826	0	0	0	0	0.088	0	0	0.460	0.486
VCAN	EGF	9606.ENSP00000265077	9606.ENSP00000265171	0	0	0	0	0	0	0	0.605	0.606
VCAN	VEGFA	9606.ENSP00000265077	9606.ENSP00000478570	0	0	0	0	0	0	0	0.680	0.680
VCAN	MMP9	9606.ENSP00000265077	9606.ENSP00000361405	0	0	0	0	0	0.385	0	0.684	0.797
VCAN	CHST13	9606.ENSP00000265077	9606.ENSP00000317404	0	0	0	0	0.060	0	0.900	0.089	0.906
VEGFA	TNS1	9606.ENSP00000478570	9606.ENSP00000171887	0	0	0	0	0	0	0	0.468	0.468
VEGFA	RETN	9606.ENSP00000478570	9606.ENSP00000221515	0	0	0	0	0	0	0	0.504	0.504
VEGFA	MPO	9606.ENSP00000478570	9606.ENSP00000225275	0	0	0	0	0.062	0	0	0.562	0.571
VEGFA	MMP8	9606.ENSP00000478570	9606.ENSP00000236826	0	0	0	0	0	0	0	0.567	0.567
VEGFA	ABCG2	9606.ENSP00000478570	9606.ENSP00000237612	0	0	0	0	0	0	0	0.509	0.509
VEGFA	TNFAIP6	9606.ENSP00000478570	9606.ENSP00000243347	0	0	0	0	0	0	0	0.458	0.457
VEGFA	PI3	9606.ENSP00000478570	9606.ENSP00000243924	0	0	0	0	0	0	0	0.454	0.454
VEGFA	THBS1	9606.ENSP00000478570	9606.ENSP00000260356	0	0	0	0	0	0.270	0	0.895	0.920
VEGFA	ITGA2B	9606.ENSP00000478570	9606.ENSP00000262407	0	0	0	0	0	0	0	0.422	0.422
VEGFA	SELP	9606.ENSP00000478570	9606.ENSP00000263686	0	0	0	0	0	0	0	0.630	0.630
VEGFA	VCAN	9606.ENSP00000478570	9606.ENSP00000265077	0	0	0	0	0	0	0	0.680	0.680
VEGFA	EGF	9606.ENSP00000478570	9606.ENSP00000265171	0	0	0	0	0	0	0	0.878	0.878
VEGFA	IGF1R	9606.ENSP00000478570	9606.ENSP00000268035	0	0	0	0	0	0	0.600	0.681	0.866
VEGFA	HK2	9606.ENSP00000478570	9606.ENSP00000290573	0	0	0	0	0.076	0	0	0.417	0.438
VEGFA	PTX3	9606.ENSP00000478570	9606.ENSP00000295927	0	0	0	0	0.060	0	0	0.583	0.591
VEGFA	CXCL5	9606.ENSP00000478570	9606.ENSP00000296027	0	0	0	0	0	0	0	0.647	0.647
VEGFA	AQP1	9606.ENSP00000478570	9606.ENSP00000311165	0	0	0	0	0.062	0	0	0.408	0.420
VEGFA	CLU	9606.ENSP00000478570	9606.ENSP00000315130	0	0	0	0	0	0.270	0	0.409	0.550
VEGFA	HP	9606.ENSP00000478570	9606.ENSP00000348170	0	0	0	0	0.056	0	0	0.407	0.416
VEGFA	ARG1	9606.ENSP00000478570	9606.ENSP00000349446	0	0	0	0	0	0	0	0.663	0.663
VEGFA	CD163	9606.ENSP00000478570	9606.ENSP00000352071	0	0	0	0	0	0	0	0.564	0.564
VEGFA	TGM2	9606.ENSP00000478570	9606.ENSP00000355330	0	0	0	0	0.085	0	0	0.382	0.410
VEGFA	ADORA3	9606.ENSP00000478570	9606.ENSP00000358730	0	0	0	0	0	0	0	0.422	0.422
VEGFA	MMP9	9606.ENSP00000478570	9606.ENSP00000361405	0	0	0	0	0	0	0.900	0.879	0.987
VEGFA	LCN2	9606.ENSP00000478570	9606.ENSP00000362108	0	0	0	0	0	0.101	0.900	0.469	0.948
VEGFA	PDGFC	9606.ENSP00000478570	9606.ENSP00000422464	0	0	0	0	0	0	0	0.681	0.681
VEGFA	ITGB3	9606.ENSP00000478570	9606.ENSP00000452786	0	0	0	0	0	0.141	0.900	0.470	0.950
VEGFA	ELANE	9606.ENSP00000478570	9606.ENSP00000466090	0	0	0	0	0	0	0	0.459	0.459
VNN1	PRRG4	9606.ENSP00000356905	9606.ENSP00000257836	0	0	0	0	0	0	0	0.596	0.596
VNN1	CLEC4D	9606.ENSP00000356905	9606.ENSP00000299665	0	0	0	0	0.109	0	0	0.466	0.504
VNN1	LCN2	9606.ENSP00000356905	9606.ENSP00000362108	0	0	0	0	0.123	0	0	0.424	0.474
WDR41	RRAGD	9606.ENSP00000296679	9606.ENSP00000358423	0	0	0	0	0	0	0	0.602	0.602
WIPI1	PI3	9606.ENSP00000262139	9606.ENSP00000243924	0	0	0	0	0	0	0	0.573	0.573
